date,region,category,revenue_k_usd,profit_k_usd,gross_margin,marketing_spend_k_usd,units_sold,returning_customer_share
2021-01-01,North America,Electronics,653.08,110.76,0.1696,76.71,19034,0.3109
2021-02-01,North America,Electronics,534.91,94.41,0.1765,30.98,10122,0.3775
2021-03-01,North America,Electronics,582.41,111.01,0.1906,41.69,8938,0.3296
2021-04-01,North America,Electronics,623.93,111.37,0.1785,54.85,6706,0.3579
2021-05-01,North America,Electronics,715.65,125.34,0.1751,62.91,18667,0.3796
2021-06-01,North America,Electronics,841.21,146.6,0.1743,56.34,14147,0.4047
2021-07-01,North America,Electronics,753.19,127.74,0.1696,58.98,13147,0.3913
2021-08-01,North America,Electronics,752.79,135.49,0.18,61.71,10210,0.3859
2021-09-01,North America,Electronics,835.51,148.73,0.178,90.86,11103,0.3737
2021-10-01,North America,Electronics,857.09,146.23,0.1706,70.29,11776,0.4165
2021-11-01,North America,Electronics,1045.22,181.15,0.1733,104.32,15965,0.4155
2021-12-01,North America,Electronics,1232.83,211.69,0.1717,84.69,14473,0.3618
2022-01-01,North America,Electronics,668.94,121.06,0.181,55.13,10240,0.4048
2022-02-01,North America,Electronics,702.91,121.3,0.1726,63.76,23810,0.3927
2022-03-01,North America,Electronics,699.89,126.12,0.1802,47.73,18319,0.4217
2022-04-01,North America,Electronics,791.93,137.81,0.174,58.74,15159,0.3691
2022-05-01,North America,Electronics,744.41,122.6,0.1647,67.82,16248,0.4556
2022-06-01,North America,Electronics,732.12,133.03,0.1817,58.52,21246,0.4107
2022-07-01,North America,Electronics,774.34,121.36,0.1567,60.39,19434,0.3816
2022-08-01,North America,Electronics,766.66,129.08,0.1684,62.77,11419,0.422
2022-09-01,North America,Electronics,835.73,146.36,0.1751,62.46,16680,0.444
2022-10-01,North America,Electronics,1026.73,165.42,0.1611,60.58,15340,0.3962
2022-11-01,North America,Electronics,1283.46,218.76,0.1704,117.42,15954,0.4668
2022-12-01,North America,Electronics,1504.17,303.05,0.2015,136.92,25185,0.4539
2023-01-01,North America,Electronics,733.22,123.07,0.1678,58.81,8795,0.4547
2023-02-01,North America,Electronics,737.04,118.89,0.1613,44.71,15734,0.4626
2023-03-01,North America,Electronics,883.12,152.46,0.1726,53.42,20337,0.4294
2023-04-01,North America,Electronics,805.12,154.81,0.1923,91.99,16348,0.4904
2023-05-01,North America,Electronics,885.59,149.75,0.1691,58.14,22690,0.453
2023-06-01,North America,Electronics,847.44,133.52,0.1576,109.62,9664,0.4673
2023-07-01,North America,Electronics,912.86,167.11,0.1831,84.46,17212,0.4879
2023-08-01,North America,Electronics,996.21,170.85,0.1715,84.59,27500,0.5309
2023-09-01,North America,Electronics,951.46,157.47,0.1655,71.39,19500,0.5026
2023-10-01,North America,Electronics,1022.26,172.71,0.1689,72.17,23561,0.4902
2023-11-01,North America,Electronics,1399.57,207.37,0.1482,104.3,20909,0.4653
2023-12-01,North America,Electronics,1465.81,260.17,0.1775,142.76,40389,0.5105
2024-01-01,North America,Electronics,812.9,133.9,0.1647,74.17,8833,0.4954
2024-02-01,North America,Electronics,781.62,129.3,0.1654,70.41,22271,0.5069
2024-03-01,North America,Electronics,894.52,172.2,0.1925,70.05,10923,0.4644
2024-04-01,North America,Electronics,883.7,150.37,0.1702,51.52,10858,0.4481
2024-05-01,North America,Electronics,939.36,146.58,0.156,129.33,16882,0.4904
2024-06-01,North America,Electronics,979.38,145.69,0.1488,106.86,22331,0.4879
2024-07-01,North America,Electronics,1071.09,208.92,0.1951,64.08,28340,0.5769
2024-08-01,North America,Electronics,958.68,156.47,0.1632,108.3,20364,0.5252
2024-09-01,North America,Electronics,974.54,158.8,0.163,63.3,30862,0.5475
2024-10-01,North America,Electronics,1194.25,198.91,0.1666,91.37,13786,0.5159
2024-11-01,North America,Electronics,1501.33,245.76,0.1637,134.48,26862,0.5188
2024-12-01,North America,Electronics,1534.5,270.45,0.1762,102.97,44297,0.5737
2021-01-01,North America,Apparel,425.7,174.07,0.4089,44.3,5991,0.3412
2021-02-01,North America,Apparel,402.52,168.25,0.418,42.12,6821,0.3471
2021-03-01,North America,Apparel,445.8,189.0,0.424,21.99,7970,0.4102
2021-04-01,North America,Apparel,420.08,180.69,0.4301,31.79,5681,0.3525
2021-05-01,North America,Apparel,503.96,215.61,0.4278,49.84,7889,0.419
2021-06-01,North America,Apparel,502.45,216.45,0.4308,43.97,10621,0.4005
2021-07-01,North America,Apparel,461.27,198.73,0.4308,48.03,6669,0.3975
2021-08-01,North America,Apparel,549.73,236.83,0.4308,58.12,5959,0.3636
2021-09-01,North America,Apparel,562.38,242.04,0.4304,47.57,12503,0.3468
2021-10-01,North America,Apparel,548.89,234.72,0.4276,52.86,9268,0.3966
2021-11-01,North America,Apparel,741.11,318.04,0.4291,43.3,8198,0.4094
2021-12-01,North America,Apparel,747.66,329.17,0.4403,78.27,9359,0.4202
2022-01-01,North America,Apparel,477.94,204.72,0.4283,48.8,9120,0.3956
2022-02-01,North America,Apparel,437.67,188.34,0.4303,39.32,8152,0.4486
2022-03-01,North America,Apparel,463.76,194.21,0.4188,51.74,8714,0.4482
2022-04-01,North America,Apparel,517.17,225.44,0.4359,46.0,7316,0.3524
2022-05-01,North America,Apparel,557.16,235.91,0.4234,40.41,6688,0.3791
2022-06-01,North America,Apparel,443.7,186.6,0.4206,35.94,5522,0.3785
2022-07-01,North America,Apparel,425.3,182.68,0.4295,33.73,12106,0.4291
2022-08-01,North America,Apparel,513.08,221.54,0.4318,28.2,13652,0.4351
2022-09-01,North America,Apparel,593.31,252.79,0.4261,52.87,20918,0.4582
2022-10-01,North America,Apparel,557.37,232.72,0.4175,26.06,17508,0.46
2022-11-01,North America,Apparel,793.45,343.55,0.433,90.3,25853,0.4186
2022-12-01,North America,Apparel,944.83,408.56,0.4324,88.26,12235,0.4192
2023-01-01,North America,Apparel,485.68,213.72,0.44,41.97,15344,0.4188
2023-02-01,North America,Apparel,492.13,212.2,0.4312,53.53,14412,0.4381
2023-03-01,North America,Apparel,496.94,211.92,0.4265,47.9,7489,0.4692
2023-04-01,North America,Apparel,576.25,247.83,0.4301,59.43,8059,0.4959
2023-05-01,North America,Apparel,572.99,247.92,0.4327,59.4,15921,0.4687
2023-06-01,North America,Apparel,588.82,262.18,0.4453,50.32,8349,0.4803
2023-07-01,North America,Apparel,558.08,233.9,0.4191,41.54,18348,0.4662
2023-08-01,North America,Apparel,656.63,293.22,0.4466,61.23,8751,0.4706
2023-09-01,North America,Apparel,626.98,277.25,0.4422,72.25,11018,0.4835
2023-10-01,North America,Apparel,762.42,334.5,0.4387,74.84,8498,0.4858
2023-11-01,North America,Apparel,869.88,373.36,0.4292,57.46,14235,0.51
2023-12-01,North America,Apparel,996.68,446.86,0.4484,59.88,19780,0.4866
2024-01-01,North America,Apparel,564.26,236.81,0.4197,24.04,6608,0.5409
2024-02-01,North America,Apparel,547.44,236.11,0.4313,20.06,5936,0.5768
2024-03-01,North America,Apparel,584.72,253.42,0.4334,42.27,10831,0.5113
2024-04-01,North America,Apparel,586.67,262.48,0.4474,55.68,14998,0.5394
2024-05-01,North America,Apparel,662.72,285.17,0.4303,81.1,17678,0.5588
2024-06-01,North America,Apparel,622.63,283.33,0.4551,63.23,10474,0.51
2024-07-01,North America,Apparel,604.89,264.04,0.4365,28.8,12716,0.5088
2024-08-01,North America,Apparel,689.97,288.1,0.4176,33.09,8163,0.5366
2024-09-01,North America,Apparel,671.07,294.91,0.4395,67.87,12766,0.5545
2024-10-01,North America,Apparel,759.88,339.17,0.4464,66.77,8930,0.5349
2024-11-01,North America,Apparel,941.63,410.05,0.4355,78.51,15330,0.5263
2024-12-01,North America,Apparel,1004.67,444.86,0.4428,107.18,25184,0.5728
2021-01-01,North America,Home & Garden,313.91,112.51,0.3584,36.14,6458,0.3066
2021-02-01,North America,Home & Garden,293.27,106.42,0.3629,28.7,3127,0.3943
2021-03-01,North America,Home & Garden,341.44,122.23,0.358,22.93,3689,0.3495
2021-04-01,North America,Home & Garden,313.15,115.21,0.3679,24.92,4813,0.3696
2021-05-01,North America,Home & Garden,371.87,129.7,0.3488,35.23,4752,0.3539
2021-06-01,North America,Home & Garden,328.04,114.3,0.3484,29.9,3488,0.3781
2021-07-01,North America,Home & Garden,324.84,119.1,0.3667,38.57,4980,0.3559
2021-08-01,North America,Home & Garden,376.36,139.02,0.3694,17.39,12038,0.3481
2021-09-01,North America,Home & Garden,384.74,133.8,0.3478,33.38,4961,0.4047
2021-10-01,North America,Home & Garden,418.04,148.87,0.3561,35.56,14771,0.3956
2021-11-01,North America,Home & Garden,520.42,191.1,0.3672,39.1,7129,0.3604
2021-12-01,North America,Home & Garden,519.22,196.71,0.3789,50.07,7686,0.3865
2022-01-01,North America,Home & Garden,325.24,117.45,0.3611,24.53,6388,0.3552
2022-02-01,North America,Home & Garden,331.96,127.4,0.3838,23.58,8931,0.4226
2022-03-01,North America,Home & Garden,319.99,116.84,0.3651,43.22,8647,0.4584
2022-04-01,North America,Home & Garden,340.77,125.96,0.3696,18.04,4832,0.4489
2022-05-01,North America,Home & Garden,369.05,128.09,0.3471,31.14,7841,0.4142
2022-06-01,North America,Home & Garden,320.86,111.69,0.3481,31.18,4127,0.4444
2022-07-01,North America,Home & Garden,354.46,126.67,0.3574,28.75,9227,0.4965
2022-08-01,North America,Home & Garden,367.04,135.3,0.3686,40.87,6126,0.4667
2022-09-01,North America,Home & Garden,403.69,145.59,0.3606,31.28,11591,0.4196
2022-10-01,North America,Home & Garden,440.66,162.34,0.3684,41.12,4774,0.4127
2022-11-01,North America,Home & Garden,562.49,192.54,0.3423,30.71,8988,0.4751
2022-12-01,North America,Home & Garden,635.7,225.96,0.3554,58.29,8501,0.4185
2023-01-01,North America,Home & Garden,369.71,134.49,0.3638,29.82,10411,0.4189
2023-02-01,North America,Home & Garden,349.41,127.23,0.3641,22.59,6140,0.4436
2023-03-01,North America,Home & Garden,362.32,132.44,0.3655,18.15,6023,0.4306
2023-04-01,North America,Home & Garden,421.86,155.91,0.3696,37.25,7165,0.4759
2023-05-01,North America,Home & Garden,410.07,152.75,0.3725,28.58,14327,0.49
2023-06-01,North America,Home & Garden,441.97,155.16,0.3511,46.27,6682,0.4402
2023-07-01,North America,Home & Garden,384.14,141.55,0.3685,50.07,9874,0.4638
2023-08-01,North America,Home & Garden,415.93,153.01,0.3679,37.35,6078,0.5327
2023-09-01,North America,Home & Garden,477.46,171.31,0.3588,39.73,6995,0.5208
2023-10-01,North America,Home & Garden,506.34,190.21,0.3757,34.01,9886,0.49
2023-11-01,North America,Home & Garden,620.33,220.65,0.3557,74.53,12595,0.4993
2023-12-01,North America,Home & Garden,748.89,276.24,0.3689,42.06,18917,0.4976
2024-01-01,North America,Home & Garden,366.5,135.05,0.3685,28.3,5456,0.5003
2024-02-01,North America,Home & Garden,385.82,142.64,0.3697,28.06,8332,0.4818
2024-03-01,North America,Home & Garden,390.18,146.17,0.3746,26.61,13354,0.5382
2024-04-01,North America,Home & Garden,451.21,171.46,0.38,28.64,6932,0.5228
2024-05-01,North America,Home & Garden,454.13,173.87,0.3829,39.33,4836,0.5071
2024-06-01,North America,Home & Garden,468.1,172.37,0.3682,48.49,8459,0.502
2024-07-01,North America,Home & Garden,468.83,171.82,0.3665,45.94,5072,0.5106
2024-08-01,North America,Home & Garden,508.67,182.68,0.3591,30.61,5856,0.5301
2024-09-01,North America,Home & Garden,489.57,187.57,0.3831,50.08,7396,0.4995
2024-10-01,North America,Home & Garden,524.76,190.87,0.3637,49.86,12585,0.5926
2024-11-01,North America,Home & Garden,683.82,267.07,0.3906,68.11,7818,0.5456
2024-12-01,North America,Home & Garden,778.62,314.2,0.4035,61.98,11396,0.535
2021-01-01,North America,Beauty & Personal Care,295.31,156.24,0.5291,24.26,8028,0.3601
2021-02-01,North America,Beauty & Personal Care,300.52,150.7,0.5015,27.61,8678,0.3524
2021-03-01,North America,Beauty & Personal Care,322.73,166.12,0.5147,18.07,5124,0.3408
2021-04-01,North America,Beauty & Personal Care,330.12,173.41,0.5253,30.77,4603,0.3057
2021-05-01,North America,Beauty & Personal Care,310.44,162.43,0.5232,22.84,3579,0.3734
2021-06-01,North America,Beauty & Personal Care,374.51,192.15,0.5131,33.7,10058,0.4082
2021-07-01,North America,Beauty & Personal Care,348.79,174.39,0.5,31.22,5421,0.3627
2021-08-01,North America,Beauty & Personal Care,367.15,191.92,0.5227,33.85,4752,0.3935
2021-09-01,North America,Beauty & Personal Care,351.07,186.27,0.5306,33.64,8387,0.3647
2021-10-01,North America,Beauty & Personal Care,455.6,239.3,0.5252,29.93,5378,0.3649
2021-11-01,North America,Beauty & Personal Care,547.72,292.42,0.5339,45.44,6440,0.4348
2021-12-01,North America,Beauty & Personal Care,606.08,328.98,0.5428,41.7,6661,0.3994
2022-01-01,North America,Beauty & Personal Care,320.54,169.35,0.5283,26.41,5012,0.393
2022-02-01,North America,Beauty & Personal Care,321.96,170.93,0.5309,40.7,3504,0.4135
2022-03-01,North America,Beauty & Personal Care,360.63,187.59,0.5202,29.9,10025,0.4147
2022-04-01,North America,Beauty & Personal Care,376.66,202.42,0.5374,32.72,5918,0.4226
2022-05-01,North America,Beauty & Personal Care,320.15,171.97,0.5372,23.05,8371,0.431
2022-06-01,North America,Beauty & Personal Care,330.39,174.13,0.527,23.63,4738,0.4208
2022-07-01,North America,Beauty & Personal Care,356.84,196.68,0.5512,32.19,5039,0.4239
2022-08-01,North America,Beauty & Personal Care,334.95,178.62,0.5333,24.07,9140,0.4207
2022-09-01,North America,Beauty & Personal Care,412.3,222.19,0.5389,37.18,5378,0.4665
2022-10-01,North America,Beauty & Personal Care,440.94,230.76,0.5233,39.44,8652,0.4444
2022-11-01,North America,Beauty & Personal Care,606.92,329.0,0.5421,29.71,6912,0.4326
2022-12-01,North America,Beauty & Personal Care,628.05,344.09,0.5479,85.59,8105,0.4425
2023-01-01,North America,Beauty & Personal Care,366.0,200.45,0.5477,31.89,6524,0.4482
2023-02-01,North America,Beauty & Personal Care,336.87,180.79,0.5367,27.64,9865,0.4743
2023-03-01,North America,Beauty & Personal Care,374.68,205.78,0.5492,18.62,9082,0.4433
2023-04-01,North America,Beauty & Personal Care,360.6,191.86,0.532,33.94,7765,0.4524
2023-05-01,North America,Beauty & Personal Care,421.55,230.47,0.5467,47.21,6553,0.4034
2023-06-01,North America,Beauty & Personal Care,417.09,217.87,0.5224,30.32,8430,0.5065
2023-07-01,North America,Beauty & Personal Care,427.82,231.02,0.54,24.09,4938,0.5046
2023-08-01,North America,Beauty & Personal Care,423.23,234.42,0.5539,37.24,6563,0.5001
2023-09-01,North America,Beauty & Personal Care,454.1,244.78,0.539,30.15,5051,0.4547
2023-10-01,North America,Beauty & Personal Care,501.48,268.33,0.5351,50.07,8330,0.4462
2023-11-01,North America,Beauty & Personal Care,685.04,376.66,0.5498,51.92,10185,0.4871
2023-12-01,North America,Beauty & Personal Care,752.51,409.82,0.5446,70.04,26401,0.4637
2024-01-01,North America,Beauty & Personal Care,400.95,226.32,0.5645,26.04,11214,0.4931
2024-02-01,North America,Beauty & Personal Care,350.73,189.99,0.5417,28.44,5045,0.4866
2024-03-01,North America,Beauty & Personal Care,446.07,247.17,0.5541,31.78,9669,0.5116
2024-04-01,North America,Beauty & Personal Care,419.77,226.05,0.5385,46.84,7446,0.4946
2024-05-01,North America,Beauty & Personal Care,445.87,250.26,0.5613,37.24,4695,0.5147
2024-06-01,North America,Beauty & Personal Care,499.63,279.35,0.5591,64.51,8482,0.5393
2024-07-01,North America,Beauty & Personal Care,475.46,266.35,0.5602,40.81,5676,0.5012
2024-08-01,North America,Beauty & Personal Care,505.49,285.21,0.5642,47.25,8298,0.522
2024-09-01,North America,Beauty & Personal Care,494.98,275.93,0.5575,30.34,7762,0.5037
2024-10-01,North America,Beauty & Personal Care,546.96,304.95,0.5575,43.17,18031,0.5294
2024-11-01,North America,Beauty & Personal Care,757.1,421.97,0.5573,34.94,9105,0.5338
2024-12-01,North America,Beauty & Personal Care,738.43,423.11,0.573,70.25,16319,0.547
2021-01-01,North America,Sports & Outdoors,226.03,70.08,0.31,12.27,5295,0.3337
2021-02-01,North America,Sports & Outdoors,220.86,70.03,0.3171,13.38,5556,0.3851
2021-03-01,North America,Sports & Outdoors,243.26,77.83,0.32,14.89,4189,0.3617
2021-04-01,North America,Sports & Outdoors,248.19,80.72,0.3252,20.25,5799,0.3516
2021-05-01,North America,Sports & Outdoors,254.82,75.32,0.2956,19.6,3051,0.4207
2021-06-01,North America,Sports & Outdoors,262.66,80.69,0.3072,16.89,5781,0.3409
2021-07-01,North America,Sports & Outdoors,266.22,78.53,0.295,23.97,5770,0.3875
2021-08-01,North America,Sports & Outdoors,256.69,82.07,0.3197,26.37,9144,0.3379
2021-09-01,North America,Sports & Outdoors,280.69,88.42,0.315,18.85,4718,0.4136
2021-10-01,North America,Sports & Outdoors,305.81,97.56,0.319,28.0,7441,0.3597
2021-11-01,North America,Sports & Outdoors,432.7,130.28,0.3011,28.22,10871,0.3886
2021-12-01,North America,Sports & Outdoors,428.43,130.71,0.3051,29.02,8247,0.4048
2022-01-01,North America,Sports & Outdoors,258.45,79.37,0.3071,24.1,7450,0.3587
2022-02-01,North America,Sports & Outdoors,218.78,63.37,0.2897,17.34,2785,0.4429
2022-03-01,North America,Sports & Outdoors,268.13,85.84,0.3202,17.99,5394,0.391
2022-04-01,North America,Sports & Outdoors,278.07,88.47,0.3182,15.84,4528,0.4151
2022-05-01,North America,Sports & Outdoors,285.94,87.14,0.3047,20.61,6983,0.4632
2022-06-01,North America,Sports & Outdoors,279.88,84.75,0.3028,20.07,4917,0.4229
2022-07-01,North America,Sports & Outdoors,256.87,75.76,0.2949,15.66,4412,0.4705
2022-08-01,North America,Sports & Outdoors,258.87,81.85,0.3162,20.57,5059,0.428
2022-09-01,North America,Sports & Outdoors,337.91,104.25,0.3085,32.97,7974,0.4199
2022-10-01,North America,Sports & Outdoors,336.83,105.21,0.3123,37.52,4951,0.4553
2022-11-01,North America,Sports & Outdoors,472.78,155.15,0.3282,39.75,7078,0.4424
2022-12-01,North America,Sports & Outdoors,468.22,154.53,0.33,39.92,6017,0.3807
2023-01-01,North America,Sports & Outdoors,242.58,78.1,0.322,15.17,4836,0.4493
2023-02-01,North America,Sports & Outdoors,288.48,93.01,0.3224,19.81,3609,0.3903
2023-03-01,North America,Sports & Outdoors,290.07,93.63,0.3228,28.27,7149,0.4294
2023-04-01,North America,Sports & Outdoors,295.64,86.82,0.2937,33.09,4492,0.3881
2023-05-01,North America,Sports & Outdoors,291.38,95.28,0.327,21.68,8109,0.4908
2023-06-01,North America,Sports & Outdoors,307.87,98.17,0.3189,29.52,10398,0.4821
2023-07-01,North America,Sports & Outdoors,294.06,96.13,0.3269,18.36,5523,0.4281
2023-08-01,North America,Sports & Outdoors,330.27,107.28,0.3248,21.66,8841,0.5014
2023-09-01,North America,Sports & Outdoors,307.03,93.52,0.3046,34.3,3735,0.5391
2023-10-01,North America,Sports & Outdoors,376.68,121.32,0.3221,37.76,6638,0.5003
2023-11-01,North America,Sports & Outdoors,489.06,151.8,0.3104,72.22,15926,0.4697
2023-12-01,North America,Sports & Outdoors,550.23,173.18,0.3147,37.14,6541,0.5064
2024-01-01,North America,Sports & Outdoors,322.15,103.3,0.3207,25.82,4879,0.4924
2024-02-01,North America,Sports & Outdoors,280.41,91.23,0.3253,34.34,6891,0.5155
2024-03-01,North America,Sports & Outdoors,294.56,97.09,0.3296,34.83,3522,0.5332
2024-04-01,North America,Sports & Outdoors,327.89,98.51,0.3004,22.94,5078,0.5178
2024-05-01,North America,Sports & Outdoors,339.13,112.39,0.3314,18.41,5789,0.5117
2024-06-01,North America,Sports & Outdoors,316.87,100.69,0.3178,17.1,3948,0.4934
2024-07-01,North America,Sports & Outdoors,334.6,111.01,0.3318,22.1,8006,0.5809
2024-08-01,North America,Sports & Outdoors,366.64,115.62,0.3153,30.88,8363,0.5194
2024-09-01,North America,Sports & Outdoors,365.58,114.21,0.3124,28.16,4101,0.5529
2024-10-01,North America,Sports & Outdoors,401.01,129.38,0.3226,53.53,4668,0.5753
2024-11-01,North America,Sports & Outdoors,557.3,172.29,0.3091,45.67,6099,0.5425
2024-12-01,North America,Sports & Outdoors,567.26,179.11,0.3157,47.46,7904,0.5185
2021-01-01,Europe,Electronics,487.12,92.17,0.1892,52.05,5367,0.3221
2021-02-01,Europe,Electronics,369.21,60.3,0.1633,31.35,6448,0.2655
2021-03-01,Europe,Electronics,394.63,75.19,0.1905,33.73,5826,0.4015
2021-04-01,Europe,Electronics,429.55,78.14,0.1819,57.51,4876,0.3447
2021-05-01,Europe,Electronics,519.98,95.56,0.1838,45.2,9172,0.3632
2021-06-01,Europe,Electronics,611.41,109.59,0.1792,49.85,8373,0.3491
2021-07-01,Europe,Electronics,522.54,95.41,0.1826,52.89,6755,0.3342
2021-08-01,Europe,Electronics,520.26,83.24,0.16,40.47,7432,0.3114
2021-09-01,Europe,Electronics,574.94,101.02,0.1757,29.44,14993,0.4345
2021-10-01,Europe,Electronics,643.71,117.56,0.1826,70.35,8532,0.3632
2021-11-01,Europe,Electronics,853.17,139.01,0.1629,59.02,17533,0.391
2021-12-01,Europe,Electronics,869.23,143.96,0.1656,46.05,10810,0.3613
2022-01-01,Europe,Electronics,518.41,85.12,0.1642,47.47,9936,0.4099
2022-02-01,Europe,Electronics,480.71,86.84,0.1807,34.41,9804,0.4081
2022-03-01,Europe,Electronics,531.61,96.12,0.1808,27.98,12133,0.4146
2022-04-01,Europe,Electronics,525.18,98.8,0.1881,34.35,5532,0.33
2022-05-01,Europe,Electronics,558.97,96.58,0.1728,64.67,16716,0.4116
2022-06-01,Europe,Electronics,471.71,85.15,0.1805,39.67,7257,0.3859
2022-07-01,Europe,Electronics,578.43,95.1,0.1644,43.05,6111,0.4705
2022-08-01,Europe,Electronics,532.47,96.95,0.1821,41.97,7759,0.4221
2022-09-01,Europe,Electronics,565.81,93.53,0.1653,44.84,13774,0.4116
2022-10-01,Europe,Electronics,654.02,110.76,0.1693,60.25,16006,0.4606
2022-11-01,Europe,Electronics,909.87,155.78,0.1712,98.16,12395,0.4073
2022-12-01,Europe,Electronics,914.82,151.85,0.166,101.41,16104,0.3982
2023-01-01,Europe,Electronics,536.3,91.06,0.1698,52.77,6388,0.4121
2023-02-01,Europe,Electronics,520.63,94.73,0.182,60.08,12414,0.4496
2023-03-01,Europe,Electronics,582.5,95.71,0.1643,35.16,11012,0.4866
2023-04-01,Europe,Electronics,554.07,92.22,0.1664,36.69,7800,0.4406
2023-05-01,Europe,Electronics,616.62,108.03,0.1752,51.2,13864,0.4346
2023-06-01,Europe,Electronics,626.1,113.74,0.1817,41.09,15489,0.5116
2023-07-01,Europe,Electronics,640.8,110.19,0.172,63.64,13984,0.4674
2023-08-01,Europe,Electronics,640.05,109.1,0.1705,74.08,14866,0.4259
2023-09-01,Europe,Electronics,675.36,109.23,0.1617,46.31,8394,0.5186
2023-10-01,Europe,Electronics,727.71,131.22,0.1803,92.31,23185,0.5198
2023-11-01,Europe,Electronics,878.64,140.9,0.1604,85.88,10939,0.5242
2023-12-01,Europe,Electronics,936.49,166.76,0.1781,94.27,12021,0.5109
2024-01-01,Europe,Electronics,503.94,87.93,0.1745,36.53,8147,0.5351
2024-02-01,Europe,Electronics,551.29,88.61,0.1607,69.37,7127,0.4926
2024-03-01,Europe,Electronics,599.41,90.91,0.1517,44.01,7849,0.5122
2024-04-01,Europe,Electronics,697.99,108.89,0.156,81.46,7417,0.4916
2024-05-01,Europe,Electronics,654.79,109.15,0.1667,43.5,12205,0.4687
2024-06-01,Europe,Electronics,676.31,115.54,0.1708,50.48,9854,0.5318
2024-07-01,Europe,Electronics,644.4,105.16,0.1632,38.72,9799,0.5619
2024-08-01,Europe,Electronics,664.37,114.32,0.1721,71.15,12176,0.5554
2024-09-01,Europe,Electronics,692.1,103.54,0.1496,65.81,16297,0.5456
2024-10-01,Europe,Electronics,753.26,142.18,0.1887,55.53,8168,0.5227
2024-11-01,Europe,Electronics,1008.29,142.59,0.1414,112.22,17348,0.5495
2024-12-01,Europe,Electronics,1155.37,187.97,0.1627,76.54,17304,0.5424
2021-01-01,Europe,Apparel,287.39,121.07,0.4213,28.07,7306,0.3098
2021-02-01,Europe,Apparel,309.2,125.7,0.4065,25.32,9380,0.3571
2021-03-01,Europe,Apparel,305.33,126.93,0.4157,30.31,3505,0.3574
2021-04-01,Europe,Apparel,325.83,132.64,0.4071,30.52,5491,0.3568
2021-05-01,Europe,Apparel,328.01,138.78,0.4231,27.12,3885,0.3273
2021-06-01,Europe,Apparel,366.73,152.1,0.4148,24.53,7543,0.3976
2021-07-01,Europe,Apparel,339.51,141.51,0.4168,23.23,7159,0.3939
2021-08-01,Europe,Apparel,393.5,175.57,0.4462,36.26,5284,0.3558
2021-09-01,Europe,Apparel,363.77,150.39,0.4134,29.31,10759,0.4086
2021-10-01,Europe,Apparel,388.66,175.91,0.4526,26.62,6019,0.3897
2021-11-01,Europe,Apparel,494.58,218.63,0.4421,47.0,8114,0.398
2021-12-01,Europe,Apparel,547.96,241.17,0.4401,35.34,9092,0.3663
2022-01-01,Europe,Apparel,335.05,146.79,0.4381,27.57,8351,0.4305
2022-02-01,Europe,Apparel,288.31,122.94,0.4264,22.46,3737,0.3944
2022-03-01,Europe,Apparel,337.21,143.49,0.4255,33.7,4818,0.4216
2022-04-01,Europe,Apparel,347.06,146.94,0.4234,24.21,3913,0.4125
2022-05-01,Europe,Apparel,366.7,160.47,0.4376,28.38,7765,0.4165
2022-06-01,Europe,Apparel,344.6,146.07,0.4239,43.08,5444,0.413
2022-07-01,Europe,Apparel,304.28,132.88,0.4367,23.42,3630,0.4452
2022-08-01,Europe,Apparel,364.12,162.06,0.4451,38.43,4467,0.4309
2022-09-01,Europe,Apparel,379.45,164.73,0.4341,33.85,5370,0.4256
2022-10-01,Europe,Apparel,468.09,197.3,0.4215,35.88,11516,0.3926
2022-11-01,Europe,Apparel,528.78,217.13,0.4106,43.11,17974,0.4615
2022-12-01,Europe,Apparel,601.22,260.82,0.4338,48.81,18977,0.4251
2023-01-01,Europe,Apparel,343.66,152.05,0.4424,18.41,5946,0.4175
2023-02-01,Europe,Apparel,360.14,159.45,0.4427,38.58,9011,0.4745
2023-03-01,Europe,Apparel,360.02,156.74,0.4354,23.12,4702,0.4225
2023-04-01,Europe,Apparel,357.02,148.24,0.4152,34.05,6852,0.4137
2023-05-01,Europe,Apparel,405.78,181.88,0.4482,39.37,7066,0.4747
2023-06-01,Europe,Apparel,384.63,167.89,0.4365,41.81,11025,0.4473
2023-07-01,Europe,Apparel,381.38,157.68,0.4134,21.63,6521,0.4886
2023-08-01,Europe,Apparel,405.7,172.32,0.4247,50.05,4493,0.4753
2023-09-01,Europe,Apparel,443.34,188.15,0.4244,27.46,4766,0.4964
2023-10-01,Europe,Apparel,448.18,197.92,0.4416,16.11,6483,0.3961
2023-11-01,Europe,Apparel,586.81,262.45,0.4473,30.98,17768,0.5225
2023-12-01,Europe,Apparel,600.77,269.62,0.4488,42.17,6463,0.4653
2024-01-01,Europe,Apparel,386.91,172.3,0.4453,25.8,4244,0.5388
2024-02-01,Europe,Apparel,335.64,152.56,0.4545,21.87,7594,0.4801
2024-03-01,Europe,Apparel,367.48,161.67,0.4399,23.41,9647,0.4542
2024-04-01,Europe,Apparel,388.31,167.13,0.4304,32.09,4946,0.5199
2024-05-01,Europe,Apparel,381.78,165.49,0.4335,27.79,6592,0.4806
2024-06-01,Europe,Apparel,428.45,186.22,0.4346,40.38,11428,0.5137
2024-07-01,Europe,Apparel,416.78,185.82,0.4459,30.57,7241,0.5489
2024-08-01,Europe,Apparel,438.85,192.41,0.4384,33.91,8274,0.5523
2024-09-01,Europe,Apparel,416.58,185.03,0.4442,32.38,7657,0.5165
2024-10-01,Europe,Apparel,499.8,219.9,0.44,42.87,7995,0.5145
2024-11-01,Europe,Apparel,621.72,266.97,0.4294,66.68,21081,0.5706
2024-12-01,Europe,Apparel,714.27,319.58,0.4474,70.01,7914,0.6123
2021-01-01,Europe,Home & Garden,215.18,76.03,0.3533,19.51,4258,0.3837
2021-02-01,Europe,Home & Garden,212.68,74.25,0.3491,23.76,3535,0.4075
2021-03-01,Europe,Home & Garden,240.69,86.74,0.3604,26.44,3896,0.3385
2021-04-01,Europe,Home & Garden,246.51,90.1,0.3655,18.5,5436,0.3604
2021-05-01,Europe,Home & Garden,232.16,80.39,0.3463,10.47,4289,0.3523
2021-06-01,Europe,Home & Garden,274.93,97.96,0.3563,19.41,5067,0.3929
2021-07-01,Europe,Home & Garden,250.92,93.21,0.3715,24.56,4844,0.3948
2021-08-01,Europe,Home & Garden,288.91,102.31,0.3541,19.19,4356,0.3941
2021-09-01,Europe,Home & Garden,274.56,96.31,0.3508,13.88,7562,0.4691
2021-10-01,Europe,Home & Garden,301.69,111.05,0.3681,23.48,3990,0.3547
2021-11-01,Europe,Home & Garden,356.78,135.48,0.3797,25.7,5598,0.3865
2021-12-01,Europe,Home & Garden,442.55,160.39,0.3624,45.7,14438,0.3536
2022-01-01,Europe,Home & Garden,212.28,76.5,0.3604,11.96,5186,0.399
2022-02-01,Europe,Home & Garden,229.25,78.33,0.3417,18.58,7721,0.3696
2022-03-01,Europe,Home & Garden,251.3,93.92,0.3737,26.36,3949,0.3895
2022-04-01,Europe,Home & Garden,262.3,95.92,0.3657,27.34,4593,0.4153
2022-05-01,Europe,Home & Garden,276.6,103.09,0.3727,21.46,2923,0.4244
2022-06-01,Europe,Home & Garden,227.2,81.14,0.3571,13.43,2786,0.4629
2022-07-01,Europe,Home & Garden,234.41,83.57,0.3565,18.31,7599,0.4523
2022-08-01,Europe,Home & Garden,256.41,94.78,0.3696,21.03,5560,0.4356
2022-09-01,Europe,Home & Garden,303.58,112.49,0.3706,22.71,6709,0.4325
2022-10-01,Europe,Home & Garden,320.06,123.96,0.3873,30.05,3846,0.4404
2022-11-01,Europe,Home & Garden,459.63,166.26,0.3617,43.85,12249,0.4491
2022-12-01,Europe,Home & Garden,470.86,173.72,0.3689,41.41,5215,0.527
2023-01-01,Europe,Home & Garden,257.03,92.22,0.3588,13.89,3109,0.4391
2023-02-01,Europe,Home & Garden,246.2,90.02,0.3656,20.02,2711,0.4609
2023-03-01,Europe,Home & Garden,274.79,101.63,0.3698,27.06,4765,0.4427
2023-04-01,Europe,Home & Garden,261.3,99.23,0.3798,23.98,7712,0.5469
2023-05-01,Europe,Home & Garden,260.45,93.66,0.3596,17.21,4466,0.4577
2023-06-01,Europe,Home & Garden,277.47,102.83,0.3706,21.62,8537,0.4889
2023-07-01,Europe,Home & Garden,288.59,112.18,0.3887,19.29,3149,0.4228
2023-08-01,Europe,Home & Garden,302.11,110.73,0.3665,29.89,4721,0.5009
2023-09-01,Europe,Home & Garden,298.19,106.75,0.358,22.25,7238,0.4779
2023-10-01,Europe,Home & Garden,339.42,124.26,0.3661,24.1,4257,0.4902
2023-11-01,Europe,Home & Garden,453.65,172.07,0.3793,36.39,5588,0.51
2023-12-01,Europe,Home & Garden,472.87,178.11,0.3767,61.72,13819,0.4698
2024-01-01,Europe,Home & Garden,269.89,99.62,0.3691,20.8,3129,0.5028
2024-02-01,Europe,Home & Garden,251.71,93.16,0.3701,21.47,8268,0.5087
2024-03-01,Europe,Home & Garden,293.72,114.95,0.3914,29.12,7233,0.4697
2024-04-01,Europe,Home & Garden,316.67,114.16,0.3605,20.36,3998,0.4854
2024-05-01,Europe,Home & Garden,300.08,114.72,0.3823,22.65,6173,0.5314
2024-06-01,Europe,Home & Garden,306.32,108.57,0.3544,18.88,3984,0.4897
2024-07-01,Europe,Home & Garden,313.34,118.21,0.3773,30.51,6298,0.535
2024-08-01,Europe,Home & Garden,326.96,124.77,0.3816,22.07,9825,0.5333
2024-09-01,Europe,Home & Garden,331.38,124.52,0.3758,26.9,4184,0.4779
2024-10-01,Europe,Home & Garden,354.66,133.15,0.3754,24.6,10625,0.5413
2024-11-01,Europe,Home & Garden,398.98,143.12,0.3587,25.6,6501,0.5787
2024-12-01,Europe,Home & Garden,517.54,198.12,0.3828,37.02,6973,0.5668
2021-01-01,Europe,Beauty & Personal Care,245.23,129.9,0.5297,16.6,7514,0.3861
2021-02-01,Europe,Beauty & Personal Care,209.12,111.35,0.5325,18.35,2490,0.3389
2021-03-01,Europe,Beauty & Personal Care,229.45,118.57,0.5168,13.8,3544,0.3694
2021-04-01,Europe,Beauty & Personal Care,233.63,126.59,0.5419,23.71,6138,0.3873
2021-05-01,Europe,Beauty & Personal Care,252.22,135.45,0.537,28.27,3412,0.358
2021-06-01,Europe,Beauty & Personal Care,263.28,143.88,0.5465,24.09,5275,0.405
2021-07-01,Europe,Beauty & Personal Care,257.01,128.81,0.5012,11.57,3760,0.3801
2021-08-01,Europe,Beauty & Personal Care,276.82,143.06,0.5168,20.68,9686,0.3644
2021-09-01,Europe,Beauty & Personal Care,274.32,152.07,0.5543,19.76,8359,0.4277
2021-10-01,Europe,Beauty & Personal Care,293.44,148.76,0.507,19.93,3108,0.3822
2021-11-01,Europe,Beauty & Personal Care,371.3,201.75,0.5434,35.77,4579,0.3905
2021-12-01,Europe,Beauty & Personal Care,426.36,220.56,0.5173,31.55,8896,0.4321
2022-01-01,Europe,Beauty & Personal Care,254.08,138.65,0.5457,26.17,3969,0.476
2022-02-01,Europe,Beauty & Personal Care,245.56,133.1,0.542,18.4,2716,0.3711
2022-03-01,Europe,Beauty & Personal Care,246.35,130.69,0.5305,15.13,3215,0.4235
2022-04-01,Europe,Beauty & Personal Care,247.35,131.82,0.5329,23.21,3249,0.3665
2022-05-01,Europe,Beauty & Personal Care,259.28,140.06,0.5402,21.21,3575,0.4504
2022-06-01,Europe,Beauty & Personal Care,247.95,127.58,0.5146,12.67,3865,0.3942
2022-07-01,Europe,Beauty & Personal Care,233.02,123.63,0.5306,16.88,3467,0.4116
2022-08-01,Europe,Beauty & Personal Care,266.33,143.46,0.5386,23.06,7657,0.4379
2022-09-01,Europe,Beauty & Personal Care,287.11,147.27,0.5129,23.33,4241,0.3822
2022-10-01,Europe,Beauty & Personal Care,294.15,161.37,0.5486,23.43,5803,0.456
2022-11-01,Europe,Beauty & Personal Care,363.64,188.99,0.5197,38.54,11590,0.4447
2022-12-01,Europe,Beauty & Personal Care,477.35,267.43,0.5602,51.05,10914,0.4002
2023-01-01,Europe,Beauty & Personal Care,265.01,140.41,0.5298,20.22,3240,0.4205
2023-02-01,Europe,Beauty & Personal Care,248.02,136.61,0.5508,26.61,3937,0.425
2023-03-01,Europe,Beauty & Personal Care,276.64,152.11,0.5499,22.17,3750,0.4814
2023-04-01,Europe,Beauty & Personal Care,285.48,153.34,0.5371,19.34,3144,0.4502
2023-05-01,Europe,Beauty & Personal Care,286.07,158.28,0.5533,16.77,8296,0.4289
2023-06-01,Europe,Beauty & Personal Care,276.05,149.79,0.5426,17.62,6508,0.4576
2023-07-01,Europe,Beauty & Personal Care,313.53,172.95,0.5516,26.65,8225,0.4848
2023-08-01,Europe,Beauty & Personal Care,310.66,166.75,0.5368,19.78,4386,0.502
2023-09-01,Europe,Beauty & Personal Care,308.37,174.18,0.5648,28.43,5787,0.4803
2023-10-01,Europe,Beauty & Personal Care,337.25,185.0,0.5486,33.31,7538,0.4944
2023-11-01,Europe,Beauty & Personal Care,440.28,245.01,0.5565,33.7,9231,0.5244
2023-12-01,Europe,Beauty & Personal Care,536.79,294.13,0.5479,52.96,7213,0.5124
2024-01-01,Europe,Beauty & Personal Care,273.06,152.94,0.5601,19.88,3717,0.5457
2024-02-01,Europe,Beauty & Personal Care,266.46,149.19,0.5599,19.35,7679,0.5107
2024-03-01,Europe,Beauty & Personal Care,296.94,164.18,0.5529,26.14,3560,0.525
2024-04-01,Europe,Beauty & Personal Care,268.33,147.68,0.5503,26.74,3193,0.5693
2024-05-01,Europe,Beauty & Personal Care,315.12,174.15,0.5526,30.13,8054,0.5511
2024-06-01,Europe,Beauty & Personal Care,324.7,180.73,0.5566,33.09,8936,0.4947
2024-07-01,Europe,Beauty & Personal Care,301.05,162.2,0.5388,26.48,3283,0.5372
2024-08-01,Europe,Beauty & Personal Care,317.8,179.14,0.5637,28.77,8438,0.5898
2024-09-01,Europe,Beauty & Personal Care,305.61,171.65,0.5617,23.32,3686,0.4708
2024-10-01,Europe,Beauty & Personal Care,369.99,204.86,0.5537,35.29,4318,0.5822
2024-11-01,Europe,Beauty & Personal Care,479.61,268.01,0.5588,64.86,5303,0.5134
2024-12-01,Europe,Beauty & Personal Care,522.41,294.41,0.5636,43.13,11827,0.565
2021-01-01,Europe,Sports & Outdoors,177.28,55.28,0.3118,17.15,3125,0.3211
2021-02-01,Europe,Sports & Outdoors,170.41,55.19,0.3239,13.64,2159,0.3644
2021-03-01,Europe,Sports & Outdoors,178.78,57.26,0.3203,22.54,2193,0.3771
2021-04-01,Europe,Sports & Outdoors,172.17,57.17,0.3321,15.44,2210,0.3378
2021-05-01,Europe,Sports & Outdoors,198.11,62.11,0.3135,20.21,4593,0.409
2021-06-01,Europe,Sports & Outdoors,192.69,60.29,0.3129,12.06,2350,0.3649
2021-07-01,Europe,Sports & Outdoors,200.62,59.72,0.2977,18.79,3460,0.3632
2021-08-01,Europe,Sports & Outdoors,179.37,54.6,0.3044,17.38,2166,0.4289
2021-09-01,Europe,Sports & Outdoors,197.86,60.25,0.3045,20.96,2951,0.3787
2021-10-01,Europe,Sports & Outdoors,237.23,77.37,0.3262,22.06,3811,0.3579
2021-11-01,Europe,Sports & Outdoors,287.65,89.67,0.3117,37.15,9539,0.3852
2021-12-01,Europe,Sports & Outdoors,327.16,100.1,0.306,27.97,3969,0.3671
2022-01-01,Europe,Sports & Outdoors,189.46,58.82,0.3104,12.5,2665,0.4718
2022-02-01,Europe,Sports & Outdoors,162.41,47.62,0.2932,14.66,2631,0.3866
2022-03-01,Europe,Sports & Outdoors,189.5,57.39,0.3028,17.32,3658,0.3873
2022-04-01,Europe,Sports & Outdoors,188.89,56.33,0.2982,19.08,3474,0.4044
2022-05-01,Europe,Sports & Outdoors,199.42,61.04,0.3061,21.27,4313,0.4312
2022-06-01,Europe,Sports & Outdoors,184.15,58.28,0.3165,18.89,5378,0.4345
2022-07-01,Europe,Sports & Outdoors,196.96,61.21,0.3108,13.78,4709,0.4292
2022-08-01,Europe,Sports & Outdoors,173.69,53.98,0.3108,8.83,2065,0.3982
2022-09-01,Europe,Sports & Outdoors,218.52,67.67,0.3097,25.85,2986,0.4377
2022-10-01,Europe,Sports & Outdoors,242.42,73.91,0.3049,13.13,7378,0.4731
2022-11-01,Europe,Sports & Outdoors,311.9,97.28,0.3119,18.17,8030,0.4383
2022-12-01,Europe,Sports & Outdoors,337.95,108.45,0.3209,27.37,4729,0.4479
2023-01-01,Europe,Sports & Outdoors,190.13,60.01,0.3156,10.48,2688,0.4887
2023-02-01,Europe,Sports & Outdoors,167.57,52.95,0.316,14.93,1848,0.4491
2023-03-01,Europe,Sports & Outdoors,218.5,65.92,0.3017,17.05,2579,0.4445
2023-04-01,Europe,Sports & Outdoors,205.42,63.78,0.3105,18.62,2165,0.5043
2023-05-01,Europe,Sports & Outdoors,204.48,65.67,0.3211,9.89,4087,0.5015
2023-06-01,Europe,Sports & Outdoors,233.17,72.32,0.3101,16.15,7601,0.459
2023-07-01,Europe,Sports & Outdoors,202.71,64.08,0.3161,14.94,2255,0.4849
2023-08-01,Europe,Sports & Outdoors,234.87,76.07,0.3239,19.18,3029,0.5058
2023-09-01,Europe,Sports & Outdoors,228.21,70.38,0.3084,27.9,3918,0.5064
2023-10-01,Europe,Sports & Outdoors,266.7,85.68,0.3213,23.97,5782,0.5665
2023-11-01,Europe,Sports & Outdoors,339.43,105.57,0.311,23.51,7638,0.4718
2023-12-01,Europe,Sports & Outdoors,371.61,121.33,0.3265,23.82,6981,0.4941
2024-01-01,Europe,Sports & Outdoors,196.45,61.19,0.3115,14.69,2159,0.4845
2024-02-01,Europe,Sports & Outdoors,207.13,66.89,0.3229,16.07,4202,0.4849
2024-03-01,Europe,Sports & Outdoors,211.31,68.89,0.326,14.51,2338,0.5116
2024-04-01,Europe,Sports & Outdoors,239.08,71.09,0.2973,11.58,5622,0.5016
2024-05-01,Europe,Sports & Outdoors,223.74,69.66,0.3113,12.36,6528,0.5401
2024-06-01,Europe,Sports & Outdoors,246.02,80.02,0.3253,18.27,2701,0.4899
2024-07-01,Europe,Sports & Outdoors,236.11,74.57,0.3158,33.18,3427,0.5998
2024-08-01,Europe,Sports & Outdoors,231.15,75.58,0.327,13.8,4116,0.5259
2024-09-01,Europe,Sports & Outdoors,257.94,82.45,0.3196,28.66,3609,0.5662
2024-10-01,Europe,Sports & Outdoors,280.1,90.98,0.3248,20.88,7371,0.5189
2024-11-01,Europe,Sports & Outdoors,367.26,120.25,0.3274,30.22,4308,0.549
2024-12-01,Europe,Sports & Outdoors,371.96,124.08,0.3336,22.88,5083,0.5191
2021-01-01,Asia-Pacific,Electronics,236.11,43.99,0.1863,30.8,3159,0.2623
2021-02-01,Asia-Pacific,Electronics,228.24,44.5,0.195,25.8,3828,0.2838
2021-03-01,Asia-Pacific,Electronics,225.59,36.18,0.1604,9.07,5257,0.2922
2021-04-01,Asia-Pacific,Electronics,239.71,43.86,0.183,22.0,2941,0.3467
2021-05-01,Asia-Pacific,Electronics,315.59,57.34,0.1817,31.85,3538,0.3067
2021-06-01,Asia-Pacific,Electronics,313.35,57.2,0.1825,17.1,3370,0.2845
2021-07-01,Asia-Pacific,Electronics,358.82,64.15,0.1788,35.06,7635,0.2828
2021-08-01,Asia-Pacific,Electronics,374.87,64.59,0.1723,34.91,4149,0.3298
2021-09-01,Asia-Pacific,Electronics,337.07,61.61,0.1828,41.31,3890,0.2663
2021-10-01,Asia-Pacific,Electronics,415.19,81.56,0.1964,47.8,9400,0.3649
2021-11-01,Asia-Pacific,Electronics,506.79,90.67,0.1789,41.44,6101,0.3686
2021-12-01,Asia-Pacific,Electronics,628.08,112.49,0.1791,50.08,14927,0.3719
2022-01-01,Asia-Pacific,Electronics,364.63,68.03,0.1866,19.27,4677,0.3926
2022-02-01,Asia-Pacific,Electronics,322.53,54.24,0.1682,25.15,4118,0.3454
2022-03-01,Asia-Pacific,Electronics,363.92,64.63,0.1776,36.73,4820,0.3934
2022-04-01,Asia-Pacific,Electronics,351.9,64.24,0.1825,24.0,4526,0.2987
2022-05-01,Asia-Pacific,Electronics,375.22,67.53,0.18,25.86,4383,0.3286
2022-06-01,Asia-Pacific,Electronics,382.15,67.79,0.1774,24.26,8801,0.4131
2022-07-01,Asia-Pacific,Electronics,368.4,71.59,0.1943,25.62,5219,0.3741
2022-08-01,Asia-Pacific,Electronics,386.56,67.59,0.1749,28.1,5440,0.3609
2022-09-01,Asia-Pacific,Electronics,546.8,94.29,0.1724,34.43,6796,0.3437
2022-10-01,Asia-Pacific,Electronics,502.25,87.95,0.1751,36.73,7380,0.4067
2022-11-01,Asia-Pacific,Electronics,761.05,130.96,0.1721,55.53,13725,0.3554
2022-12-01,Asia-Pacific,Electronics,885.49,159.86,0.1805,63.94,10712,0.4548
2023-01-01,Asia-Pacific,Electronics,384.45,65.1,0.1693,20.8,5588,0.3919
2023-02-01,Asia-Pacific,Electronics,446.76,87.24,0.1953,38.91,5656,0.4338
2023-03-01,Asia-Pacific,Electronics,451.52,74.51,0.165,41.68,5213,0.3924
2023-04-01,Asia-Pacific,Electronics,420.38,66.73,0.1587,37.12,12511,0.4074
2023-05-01,Asia-Pacific,Electronics,517.61,92.15,0.178,31.56,6554,0.4137
2023-06-01,Asia-Pacific,Electronics,566.35,89.5,0.158,60.85,6235,0.425
2023-07-01,Asia-Pacific,Electronics,546.5,88.34,0.1617,60.31,7765,0.3983
2023-08-01,Asia-Pacific,Electronics,553.46,95.02,0.1717,43.72,11009,0.4558
2023-09-01,Asia-Pacific,Electronics,662.93,118.86,0.1793,39.92,18095,0.4198
2023-10-01,Asia-Pacific,Electronics,610.77,100.52,0.1646,57.7,19780,0.4729
2023-11-01,Asia-Pacific,Electronics,886.72,171.48,0.1934,53.3,16658,0.4494
2023-12-01,Asia-Pacific,Electronics,1004.11,189.88,0.1891,71.62,14173,0.3987
2024-01-01,Asia-Pacific,Electronics,581.66,105.09,0.1807,40.19,8541,0.4122
2024-02-01,Asia-Pacific,Electronics,583.59,95.13,0.163,46.23,18344,0.44
2024-03-01,Asia-Pacific,Electronics,632.96,98.56,0.1557,70.08,8339,0.4955
2024-04-01,Asia-Pacific,Electronics,598.74,105.6,0.1764,52.96,8743,0.5024
2024-05-01,Asia-Pacific,Electronics,631.51,117.97,0.1868,58.47,20575,0.4901
2024-06-01,Asia-Pacific,Electronics,748.39,123.95,0.1656,71.15,16542,0.432
2024-07-01,Asia-Pacific,Electronics,664.17,111.81,0.1684,52.83,7732,0.4836
2024-08-01,Asia-Pacific,Electronics,772.17,122.77,0.159,41.51,10310,0.4892
2024-09-01,Asia-Pacific,Electronics,781.68,134.61,0.1722,52.42,8643,0.4821
2024-10-01,Asia-Pacific,Electronics,874.03,137.87,0.1577,88.92,15630,0.4891
2024-11-01,Asia-Pacific,Electronics,1070.53,170.64,0.1594,82.5,14276,0.5078
2024-12-01,Asia-Pacific,Electronics,1419.45,230.58,0.1624,121.82,49166,0.5035
2021-01-01,Asia-Pacific,Apparel,165.54,70.14,0.4237,16.37,2218,0.3072
2021-02-01,Asia-Pacific,Apparel,170.93,70.32,0.4114,11.68,2830,0.2809
2021-03-01,Asia-Pacific,Apparel,220.41,92.21,0.4184,12.83,5976,0.3247
2021-04-01,Asia-Pacific,Apparel,201.28,86.2,0.4283,16.1,3062,0.2939
2021-05-01,Asia-Pacific,Apparel,191.11,78.38,0.4101,18.52,2338,0.3178
2021-06-01,Asia-Pacific,Apparel,226.76,91.81,0.4049,20.4,3731,0.3322
2021-07-01,Asia-Pacific,Apparel,202.28,82.53,0.408,16.55,6550,0.284
2021-08-01,Asia-Pacific,Apparel,210.83,87.76,0.4163,14.07,4871,0.3045
2021-09-01,Asia-Pacific,Apparel,239.53,98.73,0.4122,18.6,3530,0.3271
2021-10-01,Asia-Pacific,Apparel,280.9,118.07,0.4203,33.32,4407,0.3706
2021-11-01,Asia-Pacific,Apparel,355.75,149.97,0.4216,23.0,10367,0.3252
2021-12-01,Asia-Pacific,Apparel,385.94,163.98,0.4249,26.47,6766,0.3598
2022-01-01,Asia-Pacific,Apparel,197.87,86.68,0.4381,19.25,2133,0.3526
2022-02-01,Asia-Pacific,Apparel,189.75,77.43,0.4081,10.6,3842,0.3523
2022-03-01,Asia-Pacific,Apparel,247.92,102.26,0.4125,18.63,7559,0.3844
2022-04-01,Asia-Pacific,Apparel,239.59,103.73,0.433,24.18,7420,0.328
2022-05-01,Asia-Pacific,Apparel,281.8,118.21,0.4195,22.12,4936,0.3768
2022-06-01,Asia-Pacific,Apparel,233.12,96.74,0.415,24.52,2746,0.3695
2022-07-01,Asia-Pacific,Apparel,225.7,99.0,0.4387,17.5,5099,0.4243
2022-08-01,Asia-Pacific,Apparel,244.79,104.31,0.4261,21.32,3892,0.4275
2022-09-01,Asia-Pacific,Apparel,294.29,127.71,0.434,19.07,4030,0.3588
2022-10-01,Asia-Pacific,Apparel,360.88,154.18,0.4272,27.11,10086,0.3535
2022-11-01,Asia-Pacific,Apparel,471.83,193.4,0.4099,34.51,7837,0.4147
2022-12-01,Asia-Pacific,Apparel,473.37,210.44,0.4445,42.14,6965,0.428
2023-01-01,Asia-Pacific,Apparel,271.06,114.31,0.4217,26.08,4709,0.4166
2023-02-01,Asia-Pacific,Apparel,263.63,115.66,0.4387,17.8,4671,0.4087
2023-03-01,Asia-Pacific,Apparel,315.94,143.32,0.4536,39.01,3672,0.4238
2023-04-01,Asia-Pacific,Apparel,328.22,144.59,0.4405,28.88,3595,0.4319
2023-05-01,Asia-Pacific,Apparel,330.54,143.91,0.4354,35.44,11055,0.3966
2023-06-01,Asia-Pacific,Apparel,380.36,168.21,0.4422,23.75,5326,0.4442
2023-07-01,Asia-Pacific,Apparel,378.69,165.81,0.4378,40.28,4593,0.4172
2023-08-01,Asia-Pacific,Apparel,371.4,161.61,0.4352,22.72,10044,0.4207
2023-09-01,Asia-Pacific,Apparel,383.34,169.01,0.4409,20.75,4749,0.4563
2023-10-01,Asia-Pacific,Apparel,480.15,213.34,0.4443,35.74,8733,0.4428
2023-11-01,Asia-Pacific,Apparel,587.23,251.23,0.4278,64.87,7070,0.4175
2023-12-01,Asia-Pacific,Apparel,615.28,252.55,0.4105,52.96,9372,0.4152
2024-01-01,Asia-Pacific,Apparel,361.24,158.02,0.4374,33.49,8900,0.4646
2024-02-01,Asia-Pacific,Apparel,320.24,140.52,0.4388,25.72,4069,0.4465
2024-03-01,Asia-Pacific,Apparel,347.53,147.43,0.4242,30.53,11450,0.4771
2024-04-01,Asia-Pacific,Apparel,398.39,171.25,0.4298,43.3,4915,0.5189
2024-05-01,Asia-Pacific,Apparel,408.25,179.33,0.4393,30.27,5031,0.4202
2024-06-01,Asia-Pacific,Apparel,434.89,186.9,0.4298,41.49,7503,0.4883
2024-07-01,Asia-Pacific,Apparel,474.87,205.12,0.432,27.95,5341,0.487
2024-08-01,Asia-Pacific,Apparel,502.17,218.13,0.4344,36.96,7641,0.5005
2024-09-01,Asia-Pacific,Apparel,557.72,249.26,0.4469,36.38,19801,0.4175
2024-10-01,Asia-Pacific,Apparel,471.85,209.4,0.4438,39.68,5987,0.491
2024-11-01,Asia-Pacific,Apparel,772.19,343.14,0.4444,68.44,10844,0.5236
2024-12-01,Asia-Pacific,Apparel,751.78,354.57,0.4716,79.87,16121,0.5521
2021-01-01,Asia-Pacific,Home & Garden,130.71,44.96,0.3439,13.46,1662,0.2616
2021-02-01,Asia-Pacific,Home & Garden,126.5,44.75,0.3537,11.9,1467,0.3636
2021-03-01,Asia-Pacific,Home & Garden,135.48,48.93,0.3611,12.89,3538,0.2957
2021-04-01,Asia-Pacific,Home & Garden,150.57,53.51,0.3554,6.99,3859,0.3707
2021-05-01,Asia-Pacific,Home & Garden,156.03,58.61,0.3756,14.48,3227,0.3098
2021-06-01,Asia-Pacific,Home & Garden,164.86,59.72,0.3623,9.43,2768,0.3356
2021-07-01,Asia-Pacific,Home & Garden,180.86,67.85,0.3751,22.51,2779,0.2786
2021-08-01,Asia-Pacific,Home & Garden,161.15,60.06,0.3727,12.94,1789,0.265
2021-09-01,Asia-Pacific,Home & Garden,170.45,63.64,0.3734,13.44,4223,0.3626
2021-10-01,Asia-Pacific,Home & Garden,208.1,77.2,0.371,19.44,4285,0.3402
2021-11-01,Asia-Pacific,Home & Garden,247.01,86.55,0.3504,19.47,4580,0.3849
2021-12-01,Asia-Pacific,Home & Garden,279.06,104.03,0.3728,17.16,3442,0.3385
2022-01-01,Asia-Pacific,Home & Garden,173.19,63.97,0.3694,17.74,2865,0.3446
2022-02-01,Asia-Pacific,Home & Garden,161.06,59.38,0.3687,13.25,4762,0.3354
2022-03-01,Asia-Pacific,Home & Garden,185.87,68.23,0.3671,16.25,5063,0.3587
2022-04-01,Asia-Pacific,Home & Garden,188.66,67.25,0.3565,10.83,4238,0.3349
2022-05-01,Asia-Pacific,Home & Garden,210.99,77.61,0.3678,12.39,2407,0.4135
2022-06-01,Asia-Pacific,Home & Garden,177.83,67.1,0.3773,12.94,1920,0.399
2022-07-01,Asia-Pacific,Home & Garden,177.78,66.34,0.3731,18.57,2711,0.3704
2022-08-01,Asia-Pacific,Home & Garden,195.04,70.62,0.3621,16.82,2104,0.3563
2022-09-01,Asia-Pacific,Home & Garden,230.46,82.41,0.3576,16.79,5420,0.4111
2022-10-01,Asia-Pacific,Home & Garden,239.67,87.03,0.3631,16.03,6018,0.409
2022-11-01,Asia-Pacific,Home & Garden,324.07,114.38,0.3529,31.09,3787,0.4132
2022-12-01,Asia-Pacific,Home & Garden,328.39,121.72,0.3707,25.55,9786,0.4067
2023-01-01,Asia-Pacific,Home & Garden,201.87,72.66,0.3599,14.99,2303,0.4167
2023-02-01,Asia-Pacific,Home & Garden,181.18,67.52,0.3727,12.93,3389,0.4134
2023-03-01,Asia-Pacific,Home & Garden,252.73,90.04,0.3563,16.64,3121,0.4068
2023-04-01,Asia-Pacific,Home & Garden,252.65,97.21,0.3848,17.62,3262,0.3997
2023-05-01,Asia-Pacific,Home & Garden,233.63,81.59,0.3493,18.52,4552,0.375
2023-06-01,Asia-Pacific,Home & Garden,282.42,103.92,0.368,13.17,8262,0.4444
2023-07-01,Asia-Pacific,Home & Garden,258.21,96.56,0.374,17.68,8705,0.3694
2023-08-01,Asia-Pacific,Home & Garden,286.02,108.59,0.3797,18.97,5698,0.439
2023-09-01,Asia-Pacific,Home & Garden,271.23,97.42,0.3592,27.77,2870,0.4347
2023-10-01,Asia-Pacific,Home & Garden,292.06,111.14,0.3805,31.26,3222,0.4179
2023-11-01,Asia-Pacific,Home & Garden,407.87,149.6,0.3668,40.17,4918,0.4488
2023-12-01,Asia-Pacific,Home & Garden,415.35,146.7,0.3532,39.12,4577,0.4376
2024-01-01,Asia-Pacific,Home & Garden,232.85,89.24,0.3832,19.18,5164,0.4929
2024-02-01,Asia-Pacific,Home & Garden,260.46,98.4,0.3778,20.1,3050,0.4472
2024-03-01,Asia-Pacific,Home & Garden,321.18,115.76,0.3604,23.34,6589,0.4454
2024-04-01,Asia-Pacific,Home & Garden,302.03,111.16,0.3681,24.96,5108,0.4105
2024-05-01,Asia-Pacific,Home & Garden,314.48,117.89,0.3749,36.3,3338,0.4258
2024-06-01,Asia-Pacific,Home & Garden,373.33,134.31,0.3598,21.07,5988,0.4518
2024-07-01,Asia-Pacific,Home & Garden,344.44,128.09,0.3719,31.05,4679,0.4386
2024-08-01,Asia-Pacific,Home & Garden,355.61,141.18,0.397,37.51,4513,0.421
2024-09-01,Asia-Pacific,Home & Garden,329.52,126.48,0.3838,31.46,5217,0.4515
2024-10-01,Asia-Pacific,Home & Garden,365.43,135.48,0.3707,25.16,8529,0.5032
2024-11-01,Asia-Pacific,Home & Garden,518.21,191.59,0.3697,44.69,7250,0.5058
2024-12-01,Asia-Pacific,Home & Garden,614.4,227.5,0.3703,32.96,12556,0.5189
2021-01-01,Asia-Pacific,Beauty & Personal Care,127.7,66.98,0.5246,12.0,1408,0.3281
2021-02-01,Asia-Pacific,Beauty & Personal Care,129.79,67.47,0.5198,11.84,2282,0.3126
2021-03-01,Asia-Pacific,Beauty & Personal Care,137.38,70.65,0.5143,18.48,1728,0.3105
2021-04-01,Asia-Pacific,Beauty & Personal Care,136.51,70.66,0.5176,11.8,2958,0.2649
2021-05-01,Asia-Pacific,Beauty & Personal Care,140.66,71.21,0.5062,16.74,2524,0.2667
2021-06-01,Asia-Pacific,Beauty & Personal Care,166.26,85.94,0.5169,15.01,2045,0.3155
2021-07-01,Asia-Pacific,Beauty & Personal Care,166.41,86.99,0.5227,14.96,2159,0.3369
2021-08-01,Asia-Pacific,Beauty & Personal Care,144.05,75.11,0.5214,12.23,2740,0.3272
2021-09-01,Asia-Pacific,Beauty & Personal Care,187.33,100.39,0.5359,21.39,2487,0.3201
2021-10-01,Asia-Pacific,Beauty & Personal Care,172.69,91.82,0.5317,18.85,1885,0.3103
2021-11-01,Asia-Pacific,Beauty & Personal Care,259.27,136.8,0.5276,24.92,4907,0.3133
2021-12-01,Asia-Pacific,Beauty & Personal Care,306.36,167.71,0.5474,32.02,10891,0.3993
2022-01-01,Asia-Pacific,Beauty & Personal Care,153.05,80.38,0.5252,13.85,2020,0.3057
2022-02-01,Asia-Pacific,Beauty & Personal Care,154.29,79.34,0.5142,17.8,3423,0.3446
2022-03-01,Asia-Pacific,Beauty & Personal Care,163.8,86.72,0.5295,16.19,2355,0.3334
2022-04-01,Asia-Pacific,Beauty & Personal Care,182.38,96.94,0.5315,13.21,2216,0.3467
2022-05-01,Asia-Pacific,Beauty & Personal Care,186.85,101.8,0.5448,18.63,2890,0.4135
2022-06-01,Asia-Pacific,Beauty & Personal Care,176.39,95.92,0.5438,18.04,3235,0.361
2022-07-01,Asia-Pacific,Beauty & Personal Care,178.79,97.18,0.5435,17.22,4197,0.346
2022-08-01,Asia-Pacific,Beauty & Personal Care,218.12,116.49,0.5341,18.64,3410,0.3965
2022-09-01,Asia-Pacific,Beauty & Personal Care,219.5,117.1,0.5335,15.06,3529,0.3922
2022-10-01,Asia-Pacific,Beauty & Personal Care,275.59,148.37,0.5384,20.96,4492,0.4135
2022-11-01,Asia-Pacific,Beauty & Personal Care,303.27,165.05,0.5442,16.81,7598,0.3944
2022-12-01,Asia-Pacific,Beauty & Personal Care,311.3,164.26,0.5277,30.33,5509,0.3594
2023-01-01,Asia-Pacific,Beauty & Personal Care,213.04,112.52,0.5282,10.04,2259,0.4125
2023-02-01,Asia-Pacific,Beauty & Personal Care,223.18,121.41,0.544,16.96,2993,0.3895
2023-03-01,Asia-Pacific,Beauty & Personal Care,202.49,107.09,0.5289,16.15,3555,0.4179
2023-04-01,Asia-Pacific,Beauty & Personal Care,209.83,114.46,0.5455,21.88,6336,0.4496
2023-05-01,Asia-Pacific,Beauty & Personal Care,230.48,125.36,0.5439,18.31,6808,0.3949
2023-06-01,Asia-Pacific,Beauty & Personal Care,234.46,124.27,0.53,15.51,5484,0.3729
2023-07-01,Asia-Pacific,Beauty & Personal Care,234.12,131.79,0.5629,26.74,7008,0.4449
2023-08-01,Asia-Pacific,Beauty & Personal Care,241.0,130.99,0.5435,21.33,4748,0.3977
2023-09-01,Asia-Pacific,Beauty & Personal Care,263.03,139.85,0.5317,36.79,4105,0.3937
2023-10-01,Asia-Pacific,Beauty & Personal Care,263.41,143.57,0.5451,16.18,5767,0.4494
2023-11-01,Asia-Pacific,Beauty & Personal Care,420.85,229.43,0.5452,40.85,9395,0.4683
2023-12-01,Asia-Pacific,Beauty & Personal Care,483.91,258.87,0.5349,30.5,9856,0.4685
2024-01-01,Asia-Pacific,Beauty & Personal Care,266.1,149.28,0.561,25.41,4423,0.4641
2024-02-01,Asia-Pacific,Beauty & Personal Care,257.08,145.41,0.5656,22.58,7080,0.4601
2024-03-01,Asia-Pacific,Beauty & Personal Care,297.14,167.6,0.564,28.06,5155,0.4567
2024-04-01,Asia-Pacific,Beauty & Personal Care,294.69,160.67,0.5452,24.52,6670,0.4633
2024-05-01,Asia-Pacific,Beauty & Personal Care,267.83,146.16,0.5457,22.67,4613,0.506
2024-06-01,Asia-Pacific,Beauty & Personal Care,358.79,200.68,0.5593,37.24,4396,0.441
2024-07-01,Asia-Pacific,Beauty & Personal Care,307.18,168.59,0.5488,21.0,3798,0.482
2024-08-01,Asia-Pacific,Beauty & Personal Care,386.38,212.18,0.5491,27.93,5414,0.5015
2024-09-01,Asia-Pacific,Beauty & Personal Care,382.84,214.37,0.5599,29.1,5760,0.4592
2024-10-01,Asia-Pacific,Beauty & Personal Care,382.35,208.86,0.5463,33.24,7843,0.496
2024-11-01,Asia-Pacific,Beauty & Personal Care,488.64,271.33,0.5553,48.4,12235,0.522
2024-12-01,Asia-Pacific,Beauty & Personal Care,576.85,318.81,0.5527,41.51,11617,0.504
2021-01-01,Asia-Pacific,Sports & Outdoors,107.44,34.84,0.3243,10.77,1489,0.2749
2021-02-01,Asia-Pacific,Sports & Outdoors,98.97,31.06,0.3138,7.07,1289,0.3093
2021-03-01,Asia-Pacific,Sports & Outdoors,100.48,32.7,0.3254,9.7,1633,0.3142
2021-04-01,Asia-Pacific,Sports & Outdoors,108.36,32.18,0.2969,9.7,1794,0.2932
2021-05-01,Asia-Pacific,Sports & Outdoors,116.35,35.95,0.309,7.53,3044,0.3343
2021-06-01,Asia-Pacific,Sports & Outdoors,122.19,37.1,0.3036,17.13,1745,0.3
2021-07-01,Asia-Pacific,Sports & Outdoors,117.08,36.52,0.3119,7.11,1371,0.2961
2021-08-01,Asia-Pacific,Sports & Outdoors,122.19,37.82,0.3095,10.28,2277,0.3558
2021-09-01,Asia-Pacific,Sports & Outdoors,128.96,40.67,0.3153,13.24,2309,0.3593
2021-10-01,Asia-Pacific,Sports & Outdoors,150.1,47.64,0.3174,9.39,4581,0.3179
2021-11-01,Asia-Pacific,Sports & Outdoors,180.1,56.46,0.3135,11.68,3301,0.3388
2021-12-01,Asia-Pacific,Sports & Outdoors,177.36,54.92,0.3096,13.88,3016,0.3094
2022-01-01,Asia-Pacific,Sports & Outdoors,112.02,32.03,0.2859,7.88,1717,0.3832
2022-02-01,Asia-Pacific,Sports & Outdoors,124.18,38.86,0.3129,15.04,3398,0.3296
2022-03-01,Asia-Pacific,Sports & Outdoors,114.07,35.12,0.3079,15.35,3085,0.3354
2022-04-01,Asia-Pacific,Sports & Outdoors,124.06,39.45,0.318,12.92,1476,0.3756
2022-05-01,Asia-Pacific,Sports & Outdoors,140.4,44.69,0.3183,12.93,4027,0.3561
2022-06-01,Asia-Pacific,Sports & Outdoors,142.47,41.12,0.2886,15.77,1819,0.3876
2022-07-01,Asia-Pacific,Sports & Outdoors,141.88,43.5,0.3066,8.74,2733,0.4088
2022-08-01,Asia-Pacific,Sports & Outdoors,151.95,46.51,0.3061,9.51,4637,0.3492
2022-09-01,Asia-Pacific,Sports & Outdoors,170.38,54.66,0.3208,11.91,4455,0.3769
2022-10-01,Asia-Pacific,Sports & Outdoors,170.47,55.18,0.3237,12.35,3776,0.3559
2022-11-01,Asia-Pacific,Sports & Outdoors,230.86,75.6,0.3275,19.33,5842,0.3873
2022-12-01,Asia-Pacific,Sports & Outdoors,333.65,105.66,0.3167,40.13,5569,0.3987
2023-01-01,Asia-Pacific,Sports & Outdoors,173.42,54.25,0.3128,16.76,4217,0.4113
2023-02-01,Asia-Pacific,Sports & Outdoors,141.12,43.37,0.3073,10.31,1666,0.4357
2023-03-01,Asia-Pacific,Sports & Outdoors,171.24,51.55,0.301,19.94,1855,0.4016
2023-04-01,Asia-Pacific,Sports & Outdoors,176.84,53.6,0.3031,16.44,3139,0.4443
2023-05-01,Asia-Pacific,Sports & Outdoors,190.27,60.01,0.3154,18.14,2318,0.3845
2023-06-01,Asia-Pacific,Sports & Outdoors,185.32,59.1,0.3189,10.19,3912,0.457
2023-07-01,Asia-Pacific,Sports & Outdoors,195.26,58.74,0.3008,17.65,2217,0.437
2023-08-01,Asia-Pacific,Sports & Outdoors,197.1,60.69,0.3079,24.88,5857,0.4465
2023-09-01,Asia-Pacific,Sports & Outdoors,197.83,64.91,0.3281,20.72,3422,0.3721
2023-10-01,Asia-Pacific,Sports & Outdoors,239.45,73.61,0.3074,21.64,2525,0.4792
2023-11-01,Asia-Pacific,Sports & Outdoors,303.1,95.7,0.3158,31.05,3331,0.4427
2023-12-01,Asia-Pacific,Sports & Outdoors,351.15,112.85,0.3214,25.15,5051,0.4821
2024-01-01,Asia-Pacific,Sports & Outdoors,201.29,67.07,0.3332,19.99,3101,0.5481
2024-02-01,Asia-Pacific,Sports & Outdoors,175.88,54.39,0.3093,16.32,2264,0.4341
2024-03-01,Asia-Pacific,Sports & Outdoors,225.86,74.07,0.328,20.68,3779,0.4952
2024-04-01,Asia-Pacific,Sports & Outdoors,230.94,73.56,0.3185,13.98,2803,0.4634
2024-05-01,Asia-Pacific,Sports & Outdoors,219.75,67.28,0.3062,24.41,2532,0.4731
2024-06-01,Asia-Pacific,Sports & Outdoors,254.63,79.08,0.3106,15.5,8088,0.4853
2024-07-01,Asia-Pacific,Sports & Outdoors,216.61,66.95,0.3091,12.12,2787,0.5203
2024-08-01,Asia-Pacific,Sports & Outdoors,252.26,80.74,0.3201,25.56,4215,0.459
2024-09-01,Asia-Pacific,Sports & Outdoors,263.24,81.43,0.3093,22.93,4224,0.4452
2024-10-01,Asia-Pacific,Sports & Outdoors,277.09,89.07,0.3214,28.22,3146,0.5105
2024-11-01,Asia-Pacific,Sports & Outdoors,388.46,121.93,0.3139,33.53,4601,0.5156
2024-12-01,Asia-Pacific,Sports & Outdoors,425.92,133.62,0.3137,36.51,10271,0.4919
2021-01-01,Latin America,Electronics,127.38,22.37,0.1756,8.64,3177,0.3022
2021-02-01,Latin America,Electronics,106.37,18.83,0.1771,13.3,3630,0.2909
2021-03-01,Latin America,Electronics,123.55,21.26,0.1721,13.11,1426,0.3161
2021-04-01,Latin America,Electronics,138.59,25.27,0.1824,14.12,3064,0.3138
2021-05-01,Latin America,Electronics,146.94,26.21,0.1784,13.72,3666,0.2882
2021-06-01,Latin America,Electronics,191.41,32.76,0.1712,11.72,5138,0.2928
2021-07-01,Latin America,Electronics,145.09,27.34,0.1885,16.55,2741,0.3801
2021-08-01,Latin America,Electronics,139.69,26.95,0.193,10.9,2896,0.3337
2021-09-01,Latin America,Electronics,156.63,27.82,0.1776,11.48,2668,0.3309
2021-10-01,Latin America,Electronics,171.16,29.34,0.1714,9.04,1835,0.3497
2021-11-01,Latin America,Electronics,245.36,42.86,0.1747,19.07,3654,0.3108
2021-12-01,Latin America,Electronics,242.06,44.73,0.1848,18.23,2604,0.3564
2022-01-01,Latin America,Electronics,150.6,25.95,0.1723,9.41,3440,0.3634
2022-02-01,Latin America,Electronics,140.8,24.54,0.1743,6.7,1959,0.3201
2022-03-01,Latin America,Electronics,182.54,33.6,0.1841,15.31,2585,0.3442
2022-04-01,Latin America,Electronics,143.82,27.97,0.1944,11.4,4050,0.3842
2022-05-01,Latin America,Electronics,165.22,28.39,0.1718,12.8,4695,0.3721
2022-06-01,Latin America,Electronics,179.72,29.4,0.1636,12.57,2257,0.3728
2022-07-01,Latin America,Electronics,155.07,25.41,0.1639,12.78,2838,0.3544
2022-08-01,Latin America,Electronics,190.91,33.0,0.1728,13.36,3051,0.3775
2022-09-01,Latin America,Electronics,164.9,30.94,0.1876,13.76,3435,0.3784
2022-10-01,Latin America,Electronics,196.36,36.4,0.1854,16.72,2310,0.4222
2022-11-01,Latin America,Electronics,298.16,47.24,0.1584,23.82,4594,0.3968
2022-12-01,Latin America,Electronics,270.27,46.07,0.1704,22.54,7941,0.4117
2023-01-01,Latin America,Electronics,179.82,34.36,0.1911,10.51,1906,0.3581
2023-02-01,Latin America,Electronics,155.54,27.22,0.175,16.86,2029,0.4072
2023-03-01,Latin America,Electronics,169.18,29.7,0.1756,12.3,3778,0.3853
2023-04-01,Latin America,Electronics,189.99,29.93,0.1576,12.66,2013,0.3938
2023-05-01,Latin America,Electronics,198.67,32.76,0.1649,14.29,2528,0.4493
2023-06-01,Latin America,Electronics,201.24,36.26,0.1802,15.1,5172,0.4936
2023-07-01,Latin America,Electronics,198.24,34.29,0.173,25.4,3261,0.4046
2023-08-01,Latin America,Electronics,231.8,39.93,0.1722,26.46,3174,0.4356
2023-09-01,Latin America,Electronics,230.75,40.07,0.1736,21.46,5271,0.4841
2023-10-01,Latin America,Electronics,229.48,39.76,0.1733,20.47,4017,0.4154
2023-11-01,Latin America,Electronics,302.97,52.08,0.1719,25.63,3219,0.4489
2023-12-01,Latin America,Electronics,351.07,53.87,0.1535,29.03,9994,0.4248
2024-01-01,Latin America,Electronics,236.78,41.55,0.1755,19.15,4769,0.4421
2024-02-01,Latin America,Electronics,199.56,36.0,0.1804,16.65,4703,0.4784
2024-03-01,Latin America,Electronics,219.74,36.14,0.1644,12.11,5349,0.4542
2024-04-01,Latin America,Electronics,232.79,41.3,0.1774,17.13,3258,0.4414
2024-05-01,Latin America,Electronics,273.47,48.06,0.1758,23.88,6598,0.4664
2024-06-01,Latin America,Electronics,261.92,41.17,0.1572,16.09,2925,0.5026
2024-07-01,Latin America,Electronics,260.87,38.47,0.1475,28.93,7155,0.3942
2024-08-01,Latin America,Electronics,293.17,48.97,0.167,22.02,7628,0.4585
2024-09-01,Latin America,Electronics,284.52,52.11,0.1831,19.24,5138,0.5071
2024-10-01,Latin America,Electronics,267.47,45.86,0.1714,21.11,5709,0.5025
2024-11-01,Latin America,Electronics,399.21,53.47,0.1339,29.16,4609,0.4647
2024-12-01,Latin America,Electronics,455.03,74.31,0.1633,46.13,7797,0.5272
2021-01-01,Latin America,Apparel,82.06,33.73,0.411,5.5,962,0.2894
2021-02-01,Latin America,Apparel,83.42,35.2,0.422,6.69,1043,0.3193
2021-03-01,Latin America,Apparel,97.18,39.25,0.4039,7.44,2028,0.3547
2021-04-01,Latin America,Apparel,90.7,37.97,0.4186,7.4,2039,0.3386
2021-05-01,Latin America,Apparel,90.01,38.28,0.4253,8.05,1332,0.318
2021-06-01,Latin America,Apparel,96.89,41.47,0.4281,8.68,1403,0.3597
2021-07-01,Latin America,Apparel,87.74,36.73,0.4187,8.31,1581,0.305
2021-08-01,Latin America,Apparel,96.23,42.35,0.4401,5.87,1234,0.3469
2021-09-01,Latin America,Apparel,95.3,40.37,0.4236,9.87,2210,0.345
2021-10-01,Latin America,Apparel,110.18,47.64,0.4324,5.76,1588,0.2905
2021-11-01,Latin America,Apparel,139.44,57.62,0.4132,9.89,2311,0.3103
2021-12-01,Latin America,Apparel,160.85,67.47,0.4194,15.99,1778,0.3453
2022-01-01,Latin America,Apparel,94.2,39.34,0.4176,7.12,2036,0.3429
2022-02-01,Latin America,Apparel,84.72,36.98,0.4364,7.55,1551,0.3517
2022-03-01,Latin America,Apparel,93.92,40.17,0.4277,5.14,2804,0.3476
2022-04-01,Latin America,Apparel,111.05,46.7,0.4206,13.82,1652,0.3864
2022-05-01,Latin America,Apparel,129.15,54.26,0.4201,12.4,1748,0.3834
2022-06-01,Latin America,Apparel,105.69,45.58,0.4313,12.04,2631,0.3426
2022-07-01,Latin America,Apparel,94.39,42.02,0.4451,8.38,2248,0.3555
2022-08-01,Latin America,Apparel,101.52,42.3,0.4167,9.51,1496,0.4124
2022-09-01,Latin America,Apparel,129.27,55.93,0.4327,11.94,1420,0.4048
2022-10-01,Latin America,Apparel,136.64,60.3,0.4413,13.0,2101,0.3331
2022-11-01,Latin America,Apparel,184.85,81.01,0.4383,18.71,3364,0.3675
2022-12-01,Latin America,Apparel,209.82,91.43,0.4358,25.81,4366,0.3783
2023-01-01,Latin America,Apparel,129.1,56.89,0.4407,13.65,4495,0.3176
2023-02-01,Latin America,Apparel,101.2,43.72,0.432,8.53,1783,0.3945
2023-03-01,Latin America,Apparel,109.69,47.85,0.4362,9.94,1371,0.4756
2023-04-01,Latin America,Apparel,100.38,43.12,0.4296,5.87,1095,0.4369
2023-05-01,Latin America,Apparel,131.16,56.57,0.4313,9.54,1501,0.411
2023-06-01,Latin America,Apparel,141.0,62.33,0.442,7.81,3209,0.4468
2023-07-01,Latin America,Apparel,141.58,62.3,0.4401,12.96,2108,0.43
2023-08-01,Latin America,Apparel,154.4,65.72,0.4256,14.91,2949,0.4382
2023-09-01,Latin America,Apparel,171.54,76.86,0.4481,11.25,2026,0.3884
2023-10-01,Latin America,Apparel,187.62,82.27,0.4385,26.33,4009,0.4571
2023-11-01,Latin America,Apparel,210.21,93.36,0.4442,14.21,3394,0.4426
2023-12-01,Latin America,Apparel,230.42,103.64,0.4498,17.95,2652,0.3991
2024-01-01,Latin America,Apparel,118.01,51.7,0.4381,8.48,2775,0.3567
2024-02-01,Latin America,Apparel,139.78,61.16,0.4375,12.99,1692,0.4796
2024-03-01,Latin America,Apparel,138.45,60.19,0.4347,11.68,2978,0.4579
2024-04-01,Latin America,Apparel,162.73,70.77,0.4349,14.94,2140,0.4454
2024-05-01,Latin America,Apparel,155.83,68.67,0.4407,15.45,2217,0.4719
2024-06-01,Latin America,Apparel,129.25,59.37,0.4593,12.87,1511,0.4567
2024-07-01,Latin America,Apparel,154.79,70.54,0.4557,14.93,2280,0.4614
2024-08-01,Latin America,Apparel,166.84,75.8,0.4543,9.56,3797,0.4465
2024-09-01,Latin America,Apparel,165.32,70.4,0.4259,11.87,3168,0.5193
2024-10-01,Latin America,Apparel,202.24,89.87,0.4444,13.12,4618,0.4862
2024-11-01,Latin America,Apparel,275.57,124.56,0.452,15.09,3937,0.482
2024-12-01,Latin America,Apparel,277.95,128.93,0.4639,23.9,4698,0.4519
2021-01-01,Latin America,Home & Garden,54.44,19.31,0.3547,4.37,1115,0.32
2021-02-01,Latin America,Home & Garden,59.18,20.8,0.3515,4.69,660,0.3688
2021-03-01,Latin America,Home & Garden,62.8,21.89,0.3486,4.77,924,0.2771
2021-04-01,Latin America,Home & Garden,61.99,22.94,0.3701,5.19,1454,0.2963
2021-05-01,Latin America,Home & Garden,69.31,24.58,0.3547,4.6,867,0.3234
2021-06-01,Latin America,Home & Garden,80.96,29.11,0.3595,6.3,1941,0.2878
2021-07-01,Latin America,Home & Garden,65.77,23.21,0.353,6.13,963,0.3342
2021-08-01,Latin America,Home & Garden,70.68,24.1,0.3409,7.38,1001,0.3924
2021-09-01,Latin America,Home & Garden,85.57,31.65,0.3699,7.08,3002,0.3101
2021-10-01,Latin America,Home & Garden,88.01,32.2,0.3658,9.42,1000,0.2856
2021-11-01,Latin America,Home & Garden,109.8,40.11,0.3653,7.51,2232,0.3473
2021-12-01,Latin America,Home & Garden,107.71,37.55,0.3486,9.08,2785,0.3907
2022-01-01,Latin America,Home & Garden,75.31,27.85,0.3698,8.34,910,0.3384
2022-02-01,Latin America,Home & Garden,63.29,23.15,0.3658,6.3,1610,0.3653
2022-03-01,Latin America,Home & Garden,70.61,25.48,0.3609,7.31,1011,0.3999
2022-04-01,Latin America,Home & Garden,79.29,28.82,0.3635,6.93,1359,0.3602
2022-05-01,Latin America,Home & Garden,67.3,25.25,0.3752,5.75,1308,0.3849
2022-06-01,Latin America,Home & Garden,69.66,24.91,0.3576,5.85,769,0.3513
2022-07-01,Latin America,Home & Garden,77.02,27.76,0.3604,7.82,1384,0.3697
2022-08-01,Latin America,Home & Garden,68.83,25.79,0.3746,7.05,927,0.3836
2022-09-01,Latin America,Home & Garden,96.23,36.21,0.3763,9.23,3258,0.332
2022-10-01,Latin America,Home & Garden,117.37,41.18,0.3509,8.48,1887,0.3727
2022-11-01,Latin America,Home & Garden,141.04,49.35,0.3499,12.61,3937,0.4045
2022-12-01,Latin America,Home & Garden,159.48,57.78,0.3623,10.07,2287,0.3881
2023-01-01,Latin America,Home & Garden,79.63,28.59,0.359,7.22,1386,0.3505
2023-02-01,Latin America,Home & Garden,83.2,29.79,0.3581,6.97,1948,0.3618
2023-03-01,Latin America,Home & Garden,101.45,37.54,0.37,5.41,1201,0.3726
2023-04-01,Latin America,Home & Garden,98.71,35.44,0.359,9.88,1175,0.3997
2023-05-01,Latin America,Home & Garden,73.18,26.77,0.3658,6.07,2158,0.4515
2023-06-01,Latin America,Home & Garden,107.67,40.89,0.3798,7.47,1595,0.4422
2023-07-01,Latin America,Home & Garden,93.71,32.89,0.351,10.03,1678,0.4363
2023-08-01,Latin America,Home & Garden,87.3,30.25,0.3465,9.65,1148,0.4291
2023-09-01,Latin America,Home & Garden,119.0,44.29,0.3722,9.52,2911,0.4343
2023-10-01,Latin America,Home & Garden,119.07,43.52,0.3655,11.18,4220,0.406
2023-11-01,Latin America,Home & Garden,167.48,60.08,0.3587,9.79,1904,0.3781
2023-12-01,Latin America,Home & Garden,186.87,67.64,0.362,11.47,2148,0.5032
2024-01-01,Latin America,Home & Garden,94.96,36.22,0.3814,9.85,2099,0.4754
2024-02-01,Latin America,Home & Garden,89.48,32.16,0.3594,6.22,2841,0.4755
2024-03-01,Latin America,Home & Garden,117.24,42.17,0.3597,7.59,1267,0.4675
2024-04-01,Latin America,Home & Garden,113.51,40.45,0.3563,9.62,2383,0.4948
2024-05-01,Latin America,Home & Garden,137.72,49.65,0.3605,7.77,2287,0.4979
2024-06-01,Latin America,Home & Garden,117.86,43.68,0.3706,9.31,1444,0.463
2024-07-01,Latin America,Home & Garden,126.39,46.59,0.3686,12.11,3133,0.5244
2024-08-01,Latin America,Home & Garden,130.62,49.48,0.3788,7.81,2693,0.4843
2024-09-01,Latin America,Home & Garden,113.1,41.59,0.3677,8.93,3241,0.4977
2024-10-01,Latin America,Home & Garden,159.47,59.62,0.3739,9.99,2034,0.4879
2024-11-01,Latin America,Home & Garden,163.02,59.68,0.3661,14.08,2276,0.4742
2024-12-01,Latin America,Home & Garden,214.56,79.37,0.3699,15.6,4293,0.4454
2021-01-01,Latin America,Beauty & Personal Care,58.38,31.28,0.5359,6.3,700,0.3488
2021-02-01,Latin America,Beauty & Personal Care,56.17,29.28,0.5213,5.49,1407,0.2847
2021-03-01,Latin America,Beauty & Personal Care,65.03,33.52,0.5154,7.05,1571,0.3568
2021-04-01,Latin America,Beauty & Personal Care,65.6,33.68,0.5134,3.54,1305,0.343
2021-05-01,Latin America,Beauty & Personal Care,81.24,43.11,0.5306,7.45,860,0.3785
2021-06-01,Latin America,Beauty & Personal Care,69.6,37.96,0.5453,4.51,908,0.3008
2021-07-01,Latin America,Beauty & Personal Care,70.6,37.02,0.5244,8.21,1750,0.3319
2021-08-01,Latin America,Beauty & Personal Care,77.72,40.87,0.5258,6.02,1425,0.3445
2021-09-01,Latin America,Beauty & Personal Care,79.24,42.19,0.5324,6.91,1124,0.2982
2021-10-01,Latin America,Beauty & Personal Care,79.67,41.85,0.5253,4.98,887,0.3019
2021-11-01,Latin America,Beauty & Personal Care,93.92,49.4,0.526,7.75,2422,0.3016
2021-12-01,Latin America,Beauty & Personal Care,126.34,67.79,0.5366,11.01,2713,0.3244
2022-01-01,Latin America,Beauty & Personal Care,63.93,34.65,0.542,6.21,1957,0.2907
2022-02-01,Latin America,Beauty & Personal Care,75.55,40.4,0.5348,5.61,962,0.3459
2022-03-01,Latin America,Beauty & Personal Care,76.54,40.45,0.5285,6.21,1368,0.4197
2022-04-01,Latin America,Beauty & Personal Care,72.51,38.44,0.5301,4.86,821,0.3569
2022-05-01,Latin America,Beauty & Personal Care,86.66,45.61,0.5263,9.66,1763,0.3709
2022-06-01,Latin America,Beauty & Personal Care,97.96,53.36,0.5447,7.87,2170,0.4136
2022-07-01,Latin America,Beauty & Personal Care,87.87,48.31,0.5498,5.06,1091,0.3378
2022-08-01,Latin America,Beauty & Personal Care,68.3,36.76,0.5382,4.99,1167,0.3951
2022-09-01,Latin America,Beauty & Personal Care,83.48,44.71,0.5356,6.36,1463,0.3607
2022-10-01,Latin America,Beauty & Personal Care,108.09,59.3,0.5486,11.11,1467,0.3321
2022-11-01,Latin America,Beauty & Personal Care,132.73,70.83,0.5336,15.08,2564,0.4032
2022-12-01,Latin America,Beauty & Personal Care,132.36,72.57,0.5482,10.27,2637,0.3729
2023-01-01,Latin America,Beauty & Personal Care,88.67,49.45,0.5577,4.72,2339,0.4728
2023-02-01,Latin America,Beauty & Personal Care,80.88,44.92,0.5555,7.98,893,0.4161
2023-03-01,Latin America,Beauty & Personal Care,82.08,43.8,0.5336,10.29,1580,0.4625
2023-04-01,Latin America,Beauty & Personal Care,92.55,49.92,0.5394,9.89,1106,0.3815
2023-05-01,Latin America,Beauty & Personal Care,100.04,54.18,0.5416,7.72,1207,0.4566
2023-06-01,Latin America,Beauty & Personal Care,82.84,45.29,0.5467,6.47,1294,0.3956
2023-07-01,Latin America,Beauty & Personal Care,100.89,56.63,0.5613,8.62,1115,0.4418
2023-08-01,Latin America,Beauty & Personal Care,107.91,59.33,0.5498,9.41,1459,0.3974
2023-09-01,Latin America,Beauty & Personal Care,116.81,64.9,0.5556,8.57,1435,0.4393
2023-10-01,Latin America,Beauty & Personal Care,120.57,63.58,0.5273,9.94,1320,0.4805
2023-11-01,Latin America,Beauty & Personal Care,163.3,89.49,0.548,12.02,2459,0.4169
2023-12-01,Latin America,Beauty & Personal Care,172.92,96.47,0.5578,13.42,1939,0.4418
2024-01-01,Latin America,Beauty & Personal Care,92.99,51.27,0.5514,8.61,1283,0.5098
2024-02-01,Latin America,Beauty & Personal Care,90.64,51.57,0.569,8.33,1868,0.4634
2024-03-01,Latin America,Beauty & Personal Care,104.3,56.89,0.5454,10.1,1491,0.4488
2024-04-01,Latin America,Beauty & Personal Care,106.36,59.82,0.5624,8.57,1662,0.4739
2024-05-01,Latin America,Beauty & Personal Care,129.68,73.24,0.5648,13.58,3169,0.4586
2024-06-01,Latin America,Beauty & Personal Care,136.55,73.73,0.5399,8.95,1867,0.4795
2024-07-01,Latin America,Beauty & Personal Care,126.52,70.77,0.5594,9.62,1537,0.4221
2024-08-01,Latin America,Beauty & Personal Care,137.35,75.92,0.5527,8.51,1752,0.4863
2024-09-01,Latin America,Beauty & Personal Care,143.2,77.45,0.5408,7.2,2209,0.5066
2024-10-01,Latin America,Beauty & Personal Care,158.37,87.44,0.5521,14.21,2273,0.5059
2024-11-01,Latin America,Beauty & Personal Care,201.93,112.22,0.5557,14.57,5073,0.4863
2024-12-01,Latin America,Beauty & Personal Care,205.13,116.17,0.5663,14.11,5397,0.526
2021-01-01,Latin America,Sports & Outdoors,52.27,15.41,0.2949,3.01,1173,0.2718
2021-02-01,Latin America,Sports & Outdoors,39.87,12.13,0.3043,4.35,1362,0.304
2021-03-01,Latin America,Sports & Outdoors,41.11,13.06,0.3176,3.21,560,0.2603
2021-04-01,Latin America,Sports & Outdoors,48.28,15.62,0.3235,3.71,634,0.3652
2021-05-01,Latin America,Sports & Outdoors,46.04,13.97,0.3034,2.48,666,0.3354
2021-06-01,Latin America,Sports & Outdoors,57.4,18.16,0.3164,2.92,814,0.2916
2021-07-01,Latin America,Sports & Outdoors,55.66,17.76,0.3191,4.92,1712,0.3161
2021-08-01,Latin America,Sports & Outdoors,52.85,16.69,0.3159,4.83,776,0.3027
2021-09-01,Latin America,Sports & Outdoors,61.03,19.54,0.3202,6.42,851,0.3338
2021-10-01,Latin America,Sports & Outdoors,71.22,22.76,0.3196,9.32,2184,0.3079
2021-11-01,Latin America,Sports & Outdoors,77.36,23.91,0.3091,6.8,1125,0.3652
2021-12-01,Latin America,Sports & Outdoors,94.53,28.91,0.3058,7.88,2360,0.331
2022-01-01,Latin America,Sports & Outdoors,41.25,12.42,0.3011,3.9,545,0.3346
2022-02-01,Latin America,Sports & Outdoors,44.94,14.1,0.3139,4.76,845,0.3079
2022-03-01,Latin America,Sports & Outdoors,52.47,16.17,0.3083,3.67,907,0.3827
2022-04-01,Latin America,Sports & Outdoors,52.51,16.77,0.3193,3.24,643,0.3577
2022-05-01,Latin America,Sports & Outdoors,52.72,16.72,0.3172,3.09,1435,0.3451
2022-06-01,Latin America,Sports & Outdoors,60.0,18.74,0.3124,6.61,716,0.344
2022-07-01,Latin America,Sports & Outdoors,45.76,14.58,0.3186,4.08,516,0.3931
2022-08-01,Latin America,Sports & Outdoors,52.74,16.48,0.3125,5.2,995,0.3893
2022-09-01,Latin America,Sports & Outdoors,62.48,20.03,0.3205,4.12,1520,0.3781
2022-10-01,Latin America,Sports & Outdoors,76.28,24.1,0.316,4.55,893,0.4362
2022-11-01,Latin America,Sports & Outdoors,120.51,38.34,0.3181,10.94,1448,0.4319
2022-12-01,Latin America,Sports & Outdoors,97.13,30.36,0.3126,9.53,1096,0.3489
2023-01-01,Latin America,Sports & Outdoors,64.81,21.08,0.3252,6.78,690,0.3746
2023-02-01,Latin America,Sports & Outdoors,65.66,20.88,0.318,8.15,1898,0.3876
2023-03-01,Latin America,Sports & Outdoors,67.06,20.7,0.3087,4.13,821,0.4103
2023-04-01,Latin America,Sports & Outdoors,69.63,22.55,0.3238,7.84,1498,0.4069
2023-05-01,Latin America,Sports & Outdoors,67.22,21.35,0.3176,5.71,973,0.4357
2023-06-01,Latin America,Sports & Outdoors,77.76,24.41,0.314,7.22,962,0.4277
2023-07-01,Latin America,Sports & Outdoors,78.71,25.52,0.3242,4.89,847,0.4481
2023-08-01,Latin America,Sports & Outdoors,75.45,23.7,0.3141,7.43,2235,0.5052
2023-09-01,Latin America,Sports & Outdoors,83.15,26.77,0.322,5.55,2492,0.4454
2023-10-01,Latin America,Sports & Outdoors,54.12,17.44,0.3222,2.95,1049,0.3543
2023-11-01,Latin America,Sports & Outdoors,127.05,40.09,0.3156,9.78,2956,0.4526
2023-12-01,Latin America,Sports & Outdoors,136.58,42.57,0.3117,14.5,1442,0.4797
2024-01-01,Latin America,Sports & Outdoors,59.97,18.04,0.3009,3.29,690,0.4618
2024-02-01,Latin America,Sports & Outdoors,62.32,20.19,0.3239,5.78,1689,0.3957
2024-03-01,Latin America,Sports & Outdoors,76.33,24.15,0.3164,6.94,1057,0.4504
2024-04-01,Latin America,Sports & Outdoors,83.71,27.33,0.3265,8.6,1348,0.4431
2024-05-01,Latin America,Sports & Outdoors,89.53,27.85,0.3111,5.68,1434,0.4568
2024-06-01,Latin America,Sports & Outdoors,85.4,25.65,0.3004,7.62,1774,0.4549
2024-07-01,Latin America,Sports & Outdoors,105.2,32.95,0.3132,8.49,1378,0.521
2024-08-01,Latin America,Sports & Outdoors,104.55,33.79,0.3232,12.54,1654,0.4711
2024-09-01,Latin America,Sports & Outdoors,109.87,35.59,0.3239,8.73,1695,0.465
2024-10-01,Latin America,Sports & Outdoors,88.75,27.93,0.3147,8.09,1666,0.4577
2024-11-01,Latin America,Sports & Outdoors,142.26,46.63,0.3278,12.12,1562,0.5177
2024-12-01,Latin America,Sports & Outdoors,110.88,35.67,0.3217,9.42,3747,0.4956
2021-01-01,Middle East & Africa,Electronics,83.66,15.93,0.1904,7.62,1284,0.3005
2021-02-01,Middle East & Africa,Electronics,96.43,17.47,0.1812,6.62,1319,0.3386
2021-03-01,Middle East & Africa,Electronics,69.89,11.03,0.1578,5.6,988,0.2982
2021-04-01,Middle East & Africa,Electronics,68.25,12.53,0.1835,3.41,993,0.3355
2021-05-01,Middle East & Africa,Electronics,115.26,21.27,0.1845,9.39,1429,0.2621
2021-06-01,Middle East & Africa,Electronics,92.29,15.78,0.171,7.13,1092,0.3543
2021-07-01,Middle East & Africa,Electronics,121.83,20.62,0.1693,9.13,4082,0.3347
2021-08-01,Middle East & Africa,Electronics,74.75,15.08,0.2018,5.88,891,0.3187
2021-09-01,Middle East & Africa,Electronics,120.36,20.76,0.1725,9.86,1705,0.3694
2021-10-01,Middle East & Africa,Electronics,137.87,24.33,0.1765,20.57,2173,0.341
2021-11-01,Middle East & Africa,Electronics,173.86,32.99,0.1898,16.64,2016,0.3062
2021-12-01,Middle East & Africa,Electronics,179.89,31.62,0.1758,18.92,2741,0.324
2022-01-01,Middle East & Africa,Electronics,121.73,22.8,0.1873,11.81,1288,0.3202
2022-02-01,Middle East & Africa,Electronics,109.13,21.65,0.1984,8.45,2006,0.3401
2022-03-01,Middle East & Africa,Electronics,99.63,18.17,0.1823,8.52,1205,0.3295
2022-04-01,Middle East & Africa,Electronics,118.52,20.07,0.1694,14.21,1653,0.3797
2022-05-01,Middle East & Africa,Electronics,137.48,25.07,0.1824,8.91,1937,0.3798
2022-06-01,Middle East & Africa,Electronics,123.31,21.03,0.1705,9.51,3209,0.3141
2022-07-01,Middle East & Africa,Electronics,126.08,23.16,0.1837,8.55,2671,0.3417
2022-08-01,Middle East & Africa,Electronics,127.11,22.33,0.1757,7.72,1342,0.407
2022-09-01,Middle East & Africa,Electronics,133.75,23.14,0.173,9.43,1841,0.383
2022-10-01,Middle East & Africa,Electronics,166.52,31.2,0.1874,14.64,3169,0.4046
2022-11-01,Middle East & Africa,Electronics,207.79,37.97,0.1828,19.19,2804,0.3664
2022-12-01,Middle East & Africa,Electronics,225.09,40.54,0.1801,20.77,2722,0.4318
2023-01-01,Middle East & Africa,Electronics,146.3,23.65,0.1616,8.97,3801,0.3818
2023-02-01,Middle East & Africa,Electronics,106.99,18.06,0.1688,11.75,1252,0.4095
2023-03-01,Middle East & Africa,Electronics,175.81,30.43,0.1731,12.97,5506,0.3933
2023-04-01,Middle East & Africa,Electronics,137.29,25.24,0.1838,17.26,1562,0.411
2023-05-01,Middle East & Africa,Electronics,153.19,27.34,0.1785,16.74,4275,0.4436
2023-06-01,Middle East & Africa,Electronics,157.84,28.19,0.1786,16.99,1668,0.4216
2023-07-01,Middle East & Africa,Electronics,159.13,27.97,0.1758,12.03,2726,0.4265
2023-08-01,Middle East & Africa,Electronics,163.25,27.43,0.168,16.35,3561,0.4307
2023-09-01,Middle East & Africa,Electronics,161.5,28.51,0.1765,20.58,5409,0.4506
2023-10-01,Middle East & Africa,Electronics,190.88,33.27,0.1743,19.33,2705,0.4511
2023-11-01,Middle East & Africa,Electronics,246.95,41.05,0.1662,26.61,4074,0.4039
2023-12-01,Middle East & Africa,Electronics,255.34,42.72,0.1673,29.45,8847,0.4617
2024-01-01,Middle East & Africa,Electronics,148.26,24.55,0.1656,10.32,4547,0.4164
2024-02-01,Middle East & Africa,Electronics,168.24,28.62,0.1701,10.8,4888,0.4741
2024-03-01,Middle East & Africa,Electronics,124.43,22.35,0.1796,10.85,3835,0.4898
2024-04-01,Middle East & Africa,Electronics,236.54,34.12,0.1443,18.72,3695,0.4563
2024-05-01,Middle East & Africa,Electronics,190.45,30.01,0.1575,10.42,2268,0.4544
2024-06-01,Middle East & Africa,Electronics,169.53,30.9,0.1823,14.49,2485,0.4469
2024-07-01,Middle East & Africa,Electronics,196.75,32.9,0.1672,22.56,2487,0.469
2024-08-01,Middle East & Africa,Electronics,204.88,36.61,0.1787,11.57,3908,0.4626
2024-09-01,Middle East & Africa,Electronics,185.46,29.27,0.1578,13.64,2905,0.409
2024-10-01,Middle East & Africa,Electronics,249.95,40.84,0.1634,24.71,4993,0.4238
2024-11-01,Middle East & Africa,Electronics,339.04,56.65,0.1671,20.05,8333,0.4984
2024-12-01,Middle East & Africa,Electronics,400.07,66.56,0.1664,37.47,5012,0.5218
2021-01-01,Middle East & Africa,Apparel,60.2,23.49,0.3901,5.13,1157,0.2943
2021-02-01,Middle East & Africa,Apparel,57.98,23.43,0.4041,5.34,2051,0.2781
2021-03-01,Middle East & Africa,Apparel,55.39,23.89,0.4313,4.95,631,0.3055
2021-04-01,Middle East & Africa,Apparel,52.91,22.23,0.42,4.02,937,0.3152
2021-05-01,Middle East & Africa,Apparel,62.68,26.99,0.4305,7.22,1203,0.3599
2021-06-01,Middle East & Africa,Apparel,73.01,30.62,0.4195,6.02,1010,0.2966
2021-07-01,Middle East & Africa,Apparel,76.07,33.8,0.4443,4.44,1103,0.3483
2021-08-01,Middle East & Africa,Apparel,72.94,31.53,0.4323,6.91,1306,0.3072
2021-09-01,Middle East & Africa,Apparel,73.78,30.4,0.412,7.96,1201,0.352
2021-10-01,Middle East & Africa,Apparel,89.71,37.6,0.4191,8.13,1891,0.3219
2021-11-01,Middle East & Africa,Apparel,100.98,43.07,0.4266,9.98,1482,0.391
2021-12-01,Middle East & Africa,Apparel,127.1,54.9,0.4319,9.96,2220,0.3133
2022-01-01,Middle East & Africa,Apparel,60.02,26.05,0.434,4.09,1686,0.4117
2022-02-01,Middle East & Africa,Apparel,61.87,27.66,0.447,4.44,1017,0.365
2022-03-01,Middle East & Africa,Apparel,66.66,27.75,0.4163,4.75,915,0.4127
2022-04-01,Middle East & Africa,Apparel,72.52,31.16,0.4297,4.74,894,0.3764
2022-05-01,Middle East & Africa,Apparel,90.05,39.43,0.4379,11.2,1687,0.3569
2022-06-01,Middle East & Africa,Apparel,71.69,30.32,0.4229,5.84,799,0.363
2022-07-01,Middle East & Africa,Apparel,96.63,42.72,0.4421,6.7,2592,0.3794
2022-08-01,Middle East & Africa,Apparel,74.92,32.51,0.4339,6.13,917,0.3647
2022-09-01,Middle East & Africa,Apparel,89.68,40.35,0.45,7.28,3016,0.3747
2022-10-01,Middle East & Africa,Apparel,87.89,38.52,0.4383,9.73,1104,0.3832
2022-11-01,Middle East & Africa,Apparel,137.24,60.37,0.4399,15.53,2220,0.3599
2022-12-01,Middle East & Africa,Apparel,118.54,50.99,0.4301,14.24,1334,0.4547
2023-01-01,Middle East & Africa,Apparel,84.12,37.14,0.4415,7.78,1801,0.3382
2023-02-01,Middle East & Africa,Apparel,93.57,39.87,0.4261,7.4,1256,0.4571
2023-03-01,Middle East & Africa,Apparel,110.53,46.02,0.4164,6.33,1204,0.4169
2023-04-01,Middle East & Africa,Apparel,88.94,38.62,0.4342,9.56,1464,0.4326
2023-05-01,Middle East & Africa,Apparel,73.12,31.69,0.4333,9.05,1074,0.4073
2023-06-01,Middle East & Africa,Apparel,92.02,41.56,0.4516,6.53,1481,0.3426
2023-07-01,Middle East & Africa,Apparel,93.83,40.85,0.4354,5.41,2461,0.4553
2023-08-01,Middle East & Africa,Apparel,93.36,40.87,0.4378,12.21,1985,0.424
2023-09-01,Middle East & Africa,Apparel,124.18,52.5,0.4227,11.36,1556,0.4197
2023-10-01,Middle East & Africa,Apparel,123.69,55.04,0.445,8.09,1993,0.4822
2023-11-01,Middle East & Africa,Apparel,150.95,66.18,0.4385,12.86,1750,0.484
2023-12-01,Middle East & Africa,Apparel,168.56,75.47,0.4478,13.39,1808,0.4756
2024-01-01,Middle East & Africa,Apparel,105.22,46.89,0.4456,7.86,2214,0.4771
2024-02-01,Middle East & Africa,Apparel,94.12,42.67,0.4534,8.77,2376,0.4549
2024-03-01,Middle East & Africa,Apparel,108.17,47.46,0.4387,10.6,2911,0.4586
2024-04-01,Middle East & Africa,Apparel,125.9,55.21,0.4385,11.07,1551,0.4574
2024-05-01,Middle East & Africa,Apparel,105.64,45.39,0.4296,8.41,3751,0.4521
2024-06-01,Middle East & Africa,Apparel,143.24,65.32,0.456,13.5,2003,0.5252
2024-07-01,Middle East & Africa,Apparel,131.5,57.64,0.4383,12.37,2061,0.4816
2024-08-01,Middle East & Africa,Apparel,145.59,62.59,0.4299,12.6,2862,0.4623
2024-09-01,Middle East & Africa,Apparel,146.23,64.16,0.4388,9.43,4099,0.4962
2024-10-01,Middle East & Africa,Apparel,170.35,75.24,0.4417,14.49,4824,0.5036
2024-11-01,Middle East & Africa,Apparel,263.16,116.25,0.4418,24.96,3087,0.5209
2024-12-01,Middle East & Africa,Apparel,174.85,78.53,0.4491,19.48,4055,0.5043
2021-01-01,Middle East & Africa,Home & Garden,35.99,13.4,0.3723,3.43,753,0.2836
2021-02-01,Middle East & Africa,Home & Garden,46.53,16.81,0.3613,3.6,780,0.2666
2021-03-01,Middle East & Africa,Home & Garden,45.16,16.72,0.3703,3.98,594,0.3012
2021-04-01,Middle East & Africa,Home & Garden,41.4,15.35,0.3707,2.27,450,0.2596
2021-05-01,Middle East & Africa,Home & Garden,47.04,17.58,0.3736,5.59,1317,0.319
2021-06-01,Middle East & Africa,Home & Garden,53.92,20.43,0.3789,4.13,911,0.2932
2021-07-01,Middle East & Africa,Home & Garden,56.45,19.63,0.3478,5.99,782,0.3334
2021-08-01,Middle East & Africa,Home & Garden,67.05,24.17,0.3605,7.2,1730,0.3723
2021-09-01,Middle East & Africa,Home & Garden,56.82,20.43,0.3595,3.6,844,0.3447
2021-10-01,Middle East & Africa,Home & Garden,52.94,19.84,0.3748,5.3,1722,0.3562
2021-11-01,Middle East & Africa,Home & Garden,73.97,26.09,0.3526,6.92,1949,0.3609
2021-12-01,Middle East & Africa,Home & Garden,89.36,32.76,0.3666,9.78,1247,0.3925
2022-01-01,Middle East & Africa,Home & Garden,49.41,18.33,0.3711,4.77,1156,0.3823
2022-02-01,Middle East & Africa,Home & Garden,58.54,21.11,0.3607,4.62,1262,0.4055
2022-03-01,Middle East & Africa,Home & Garden,49.01,17.35,0.3541,4.42,1352,0.3448
2022-04-01,Middle East & Africa,Home & Garden,57.34,20.48,0.3571,4.4,638,0.3722
2022-05-01,Middle East & Africa,Home & Garden,59.1,21.28,0.3601,4.05,774,0.382
2022-06-01,Middle East & Africa,Home & Garden,67.75,25.69,0.3791,6.35,1750,0.3687
2022-07-01,Middle East & Africa,Home & Garden,48.57,17.89,0.3684,6.49,832,0.41
2022-08-01,Middle East & Africa,Home & Garden,51.17,18.14,0.3545,4.87,768,0.3799
2022-09-01,Middle East & Africa,Home & Garden,58.78,21.35,0.3632,5.22,825,0.3494
2022-10-01,Middle East & Africa,Home & Garden,69.93,26.77,0.3828,5.82,757,0.3396
2022-11-01,Middle East & Africa,Home & Garden,88.19,33.43,0.3791,7.8,1949,0.3906
2022-12-01,Middle East & Africa,Home & Garden,115.9,39.29,0.339,9.86,1557,0.4248
2023-01-01,Middle East & Africa,Home & Garden,54.48,20.61,0.3784,3.45,1001,0.3939
2023-02-01,Middle East & Africa,Home & Garden,69.56,25.71,0.3697,5.37,1983,0.4277
2023-03-01,Middle East & Africa,Home & Garden,75.9,28.28,0.3726,5.45,1679,0.4093
2023-04-01,Middle East & Africa,Home & Garden,80.97,31.01,0.383,5.0,951,0.4365
2023-05-01,Middle East & Africa,Home & Garden,74.81,27.21,0.3638,5.49,1320,0.4205
2023-06-01,Middle East & Africa,Home & Garden,78.08,28.38,0.3635,8.31,1042,0.4125
2023-07-01,Middle East & Africa,Home & Garden,82.33,30.32,0.3683,8.06,1804,0.5028
2023-08-01,Middle East & Africa,Home & Garden,91.0,34.11,0.3749,7.39,1098,0.377
2023-09-01,Middle East & Africa,Home & Garden,75.94,27.91,0.3675,4.53,2555,0.4269
2023-10-01,Middle East & Africa,Home & Garden,85.19,31.08,0.3648,10.25,1348,0.4354
2023-11-01,Middle East & Africa,Home & Garden,119.39,43.08,0.3608,14.84,2116,0.4088
2023-12-01,Middle East & Africa,Home & Garden,132.31,48.94,0.3699,13.48,1742,0.4594
2024-01-01,Middle East & Africa,Home & Garden,91.67,34.97,0.3815,13.31,1852,0.4549
2024-02-01,Middle East & Africa,Home & Garden,80.71,29.35,0.3637,4.87,919,0.4346
2024-03-01,Middle East & Africa,Home & Garden,75.52,28.22,0.3736,5.6,907,0.4239
2024-04-01,Middle East & Africa,Home & Garden,76.83,28.73,0.3739,9.29,1283,0.4947
2024-05-01,Middle East & Africa,Home & Garden,93.86,34.93,0.3721,10.78,2008,0.5048
2024-06-01,Middle East & Africa,Home & Garden,71.03,26.09,0.3673,7.32,1018,0.4273
2024-07-01,Middle East & Africa,Home & Garden,106.56,38.23,0.3588,8.71,1675,0.4282
2024-08-01,Middle East & Africa,Home & Garden,103.2,38.96,0.3775,9.92,1469,0.4783
2024-09-01,Middle East & Africa,Home & Garden,118.64,40.65,0.3427,12.11,2041,0.4756
2024-10-01,Middle East & Africa,Home & Garden,109.89,40.08,0.3647,7.99,2031,0.4739
2024-11-01,Middle East & Africa,Home & Garden,143.65,53.36,0.3714,13.65,2232,0.5295
2024-12-01,Middle East & Africa,Home & Garden,171.69,65.84,0.3835,17.65,2525,0.4747
2021-01-01,Middle East & Africa,Beauty & Personal Care,46.45,24.84,0.5349,3.38,1625,0.3176
2021-02-01,Middle East & Africa,Beauty & Personal Care,33.38,16.85,0.5048,2.04,448,0.309
2021-03-01,Middle East & Africa,Beauty & Personal Care,46.51,24.2,0.5202,5.53,1390,0.2889
2021-04-01,Middle East & Africa,Beauty & Personal Care,46.59,24.52,0.5263,3.76,689,0.2942
2021-05-01,Middle East & Africa,Beauty & Personal Care,46.17,24.05,0.521,3.61,771,0.3432
2021-06-01,Middle East & Africa,Beauty & Personal Care,49.54,26.29,0.5306,4.89,530,0.3165
2021-07-01,Middle East & Africa,Beauty & Personal Care,51.13,27.16,0.5312,2.79,668,0.3232
2021-08-01,Middle East & Africa,Beauty & Personal Care,53.71,29.14,0.5427,3.43,868,0.3623
2021-09-01,Middle East & Africa,Beauty & Personal Care,52.6,27.63,0.5253,6.53,693,0.3121
2021-10-01,Middle East & Africa,Beauty & Personal Care,60.59,32.27,0.5326,5.5,928,0.3477
2021-11-01,Middle East & Africa,Beauty & Personal Care,77.56,40.63,0.5238,6.64,888,0.332
2021-12-01,Middle East & Africa,Beauty & Personal Care,91.05,48.86,0.5366,8.01,2319,0.3288
2022-01-01,Middle East & Africa,Beauty & Personal Care,45.1,23.64,0.5241,3.39,639,0.321
2022-02-01,Middle East & Africa,Beauty & Personal Care,41.21,22.21,0.539,3.35,677,0.3669
2022-03-01,Middle East & Africa,Beauty & Personal Care,61.97,32.7,0.5276,4.37,891,0.4173
2022-04-01,Middle East & Africa,Beauty & Personal Care,70.46,35.61,0.5054,4.58,1284,0.3499
2022-05-01,Middle East & Africa,Beauty & Personal Care,64.27,34.2,0.5322,6.84,856,0.3312
2022-06-01,Middle East & Africa,Beauty & Personal Care,46.87,25.97,0.5541,4.13,837,0.3873
2022-07-01,Middle East & Africa,Beauty & Personal Care,66.48,35.95,0.5408,4.14,1201,0.367
2022-08-01,Middle East & Africa,Beauty & Personal Care,48.5,26.39,0.544,4.54,1365,0.3717
2022-09-01,Middle East & Africa,Beauty & Personal Care,71.19,37.33,0.5243,5.02,1375,0.3747
2022-10-01,Middle East & Africa,Beauty & Personal Care,71.29,38.09,0.5342,5.55,1080,0.3477
2022-11-01,Middle East & Africa,Beauty & Personal Care,114.0,60.21,0.5282,8.98,2280,0.4157
2022-12-01,Middle East & Africa,Beauty & Personal Care,125.25,69.02,0.5511,11.92,1532,0.3661
2023-01-01,Middle East & Africa,Beauty & Personal Care,54.4,29.14,0.5356,2.84,776,0.4455
2023-02-01,Middle East & Africa,Beauty & Personal Care,67.05,35.87,0.535,5.05,1847,0.4375
2023-03-01,Middle East & Africa,Beauty & Personal Care,65.05,36.42,0.56,7.95,1027,0.3984
2023-04-01,Middle East & Africa,Beauty & Personal Care,59.62,32.7,0.5485,7.62,725,0.3947
2023-05-01,Middle East & Africa,Beauty & Personal Care,65.24,34.56,0.5296,5.19,841,0.4324
2023-06-01,Middle East & Africa,Beauty & Personal Care,78.57,42.52,0.5411,7.03,970,0.4417
2023-07-01,Middle East & Africa,Beauty & Personal Care,75.44,40.51,0.537,5.11,846,0.4114
2023-08-01,Middle East & Africa,Beauty & Personal Care,69.82,39.32,0.5632,7.6,934,0.4202
2023-09-01,Middle East & Africa,Beauty & Personal Care,94.7,51.44,0.5431,10.7,2052,0.4864
2023-10-01,Middle East & Africa,Beauty & Personal Care,78.47,43.37,0.5527,7.08,982,0.4025
2023-11-01,Middle East & Africa,Beauty & Personal Care,132.69,71.74,0.5406,11.3,1429,0.4763
2023-12-01,Middle East & Africa,Beauty & Personal Care,132.46,71.21,0.5376,10.5,2042,0.393
2024-01-01,Middle East & Africa,Beauty & Personal Care,70.12,37.54,0.5355,5.36,1285,0.4607
2024-02-01,Middle East & Africa,Beauty & Personal Care,68.23,37.63,0.5515,5.81,854,0.4072
2024-03-01,Middle East & Africa,Beauty & Personal Care,93.41,51.09,0.5469,8.07,1125,0.4785
2024-04-01,Middle East & Africa,Beauty & Personal Care,80.46,45.33,0.5634,9.74,1734,0.473
2024-05-01,Middle East & Africa,Beauty & Personal Care,84.39,46.74,0.5538,7.87,2976,0.4505
2024-06-01,Middle East & Africa,Beauty & Personal Care,92.29,51.27,0.5555,9.53,1133,0.5412
2024-07-01,Middle East & Africa,Beauty & Personal Care,103.27,57.6,0.5577,7.49,1327,0.463
2024-08-01,Middle East & Africa,Beauty & Personal Care,83.54,46.24,0.5535,9.94,1014,0.4912
2024-09-01,Middle East & Africa,Beauty & Personal Care,101.65,56.94,0.5601,7.82,3583,0.5366
2024-10-01,Middle East & Africa,Beauty & Personal Care,102.5,57.91,0.5649,7.71,3439,0.4785
2024-11-01,Middle East & Africa,Beauty & Personal Care,107.19,56.56,0.5277,9.76,3086,0.4826
2024-12-01,Middle East & Africa,Beauty & Personal Care,192.71,107.72,0.559,16.36,6866,0.4656
2021-01-01,Middle East & Africa,Sports & Outdoors,36.06,11.99,0.3324,2.46,1033,0.3464
2021-02-01,Middle East & Africa,Sports & Outdoors,30.61,9.41,0.3073,2.6,907,0.3237
2021-03-01,Middle East & Africa,Sports & Outdoors,28.66,9.21,0.3212,2.66,461,0.3042
2021-04-01,Middle East & Africa,Sports & Outdoors,30.59,9.73,0.3181,2.22,840,0.3161
2021-05-01,Middle East & Africa,Sports & Outdoors,30.31,9.35,0.3084,2.55,768,0.3215
2021-06-01,Middle East & Africa,Sports & Outdoors,37.84,11.37,0.3005,3.43,496,0.3096
2021-07-01,Middle East & Africa,Sports & Outdoors,33.24,10.65,0.3204,2.7,687,0.3137
2021-08-01,Middle East & Africa,Sports & Outdoors,35.21,10.59,0.3008,2.11,984,0.3072
2021-09-01,Middle East & Africa,Sports & Outdoors,43.88,13.29,0.303,3.7,623,0.3349
2021-10-01,Middle East & Africa,Sports & Outdoors,56.67,18.01,0.3178,4.32,942,0.2886
2021-11-01,Middle East & Africa,Sports & Outdoors,55.25,17.09,0.3093,4.92,919,0.3838
2021-12-01,Middle East & Africa,Sports & Outdoors,57.43,17.79,0.3098,4.4,866,0.3054
2022-01-01,Middle East & Africa,Sports & Outdoors,36.9,11.23,0.3044,2.68,729,0.3535
2022-02-01,Middle East & Africa,Sports & Outdoors,37.77,12.33,0.3266,3.16,460,0.3484
2022-03-01,Middle East & Africa,Sports & Outdoors,40.49,12.31,0.304,2.65,739,0.3624
2022-04-01,Middle East & Africa,Sports & Outdoors,47.56,15.79,0.3321,4.28,965,0.4138
2022-05-01,Middle East & Africa,Sports & Outdoors,52.84,17.02,0.3222,4.23,1438,0.3565
2022-06-01,Middle East & Africa,Sports & Outdoors,44.7,13.66,0.3056,1.93,590,0.3642
2022-07-01,Middle East & Africa,Sports & Outdoors,44.28,14.51,0.3276,5.29,520,0.4469
2022-08-01,Middle East & Africa,Sports & Outdoors,48.72,15.36,0.3153,3.87,744,0.4225
2022-09-01,Middle East & Africa,Sports & Outdoors,41.6,13.27,0.3189,5.41,487,0.4316
2022-10-01,Middle East & Africa,Sports & Outdoors,52.94,16.36,0.309,3.96,799,0.3541
2022-11-01,Middle East & Africa,Sports & Outdoors,79.06,24.27,0.307,6.98,1238,0.3833
2022-12-01,Middle East & Africa,Sports & Outdoors,81.97,26.29,0.3208,7.56,1575,0.3981
2023-01-01,Middle East & Africa,Sports & Outdoors,48.25,14.45,0.2994,4.57,1064,0.3772
2023-02-01,Middle East & Africa,Sports & Outdoors,48.41,14.43,0.2981,2.91,1064,0.3605
2023-03-01,Middle East & Africa,Sports & Outdoors,46.82,14.53,0.3103,4.13,719,0.4527
2023-04-01,Middle East & Africa,Sports & Outdoors,54.34,16.65,0.3064,3.68,722,0.3945
2023-05-01,Middle East & Africa,Sports & Outdoors,58.57,18.45,0.3151,7.63,1065,0.4088
2023-06-01,Middle East & Africa,Sports & Outdoors,59.94,18.76,0.313,5.53,742,0.407
2023-07-01,Middle East & Africa,Sports & Outdoors,50.44,16.17,0.3206,3.73,664,0.4288
2023-08-01,Middle East & Africa,Sports & Outdoors,66.42,19.5,0.2936,4.35,1791,0.4463
2023-09-01,Middle East & Africa,Sports & Outdoors,66.93,21.29,0.3181,5.48,710,0.449
2023-10-01,Middle East & Africa,Sports & Outdoors,81.86,26.57,0.3245,8.97,1018,0.4824
2023-11-01,Middle East & Africa,Sports & Outdoors,90.04,29.38,0.3263,10.08,1898,0.489
2023-12-01,Middle East & Africa,Sports & Outdoors,104.03,33.83,0.3252,11.23,2525,0.4525
2024-01-01,Middle East & Africa,Sports & Outdoors,61.62,19.25,0.3123,6.22,894,0.4677
2024-02-01,Middle East & Africa,Sports & Outdoors,53.32,16.37,0.307,6.66,1697,0.4501
2024-03-01,Middle East & Africa,Sports & Outdoors,66.14,21.5,0.325,3.62,2089,0.4835
2024-04-01,Middle East & Africa,Sports & Outdoors,62.94,19.26,0.306,5.51,703,0.4724
2024-05-01,Middle East & Africa,Sports & Outdoors,74.58,22.64,0.3036,7.11,1035,0.5038
2024-06-01,Middle East & Africa,Sports & Outdoors,60.34,19.46,0.3225,3.77,1635,0.4834
2024-07-01,Middle East & Africa,Sports & Outdoors,72.45,23.39,0.3228,4.07,1787,0.51
2024-08-01,Middle East & Africa,Sports & Outdoors,74.03,22.37,0.3022,5.12,788,0.4684
2024-09-01,Middle East & Africa,Sports & Outdoors,65.4,21.15,0.3234,4.54,905,0.4816
2024-10-01,Middle East & Africa,Sports & Outdoors,87.78,27.53,0.3136,6.41,1087,0.4881
2024-11-01,Middle East & Africa,Sports & Outdoors,111.18,35.11,0.3158,7.79,1601,0.4685
2024-12-01,Middle East & Africa,Sports & Outdoors,114.8,40.27,0.3508,9.88,2300,0.4685
